date,open,high,low,close,volume
2021-06-01,29723.36,30057.64,29488.37,29857.71,3415.8
2021-06-02,29918.82,29996.85,29171.15,29685.97,246.0
2021-06-03,29652.77,30114.81,29341.31,29936.24,2770.2
2021-06-04,30990.12,31715.28,30812.95,31164.36,131.8
2021-06-05,31652.29,31901.86,31611.66,31753.75,1749.3
2021-06-06,29902.27,30235.3,29765.46,30147.83,3058.3
2021-06-07,30778.76,31677.3,30183.05,30756.48,2805.0
2021-06-08,29327.31,29871.5,29014.48,29135.36,2929.0
2021-06-09,28898.03,29308.41,28100.26,29056.15,1240.7
2021-06-10,28536.43,29005.87,28224.54,28765.98,1887.7
2021-06-11,28169.55,29096.71,27872.11,28301.45,3084.7
2021-06-12,28615.09,29434.61,27896.91,28804.54,1959.3
2021-06-13,30285.62,30907.64,30108.55,30251.17,3902.4
2021-06-14,29997.25,30189.73,29381.21,30160.69,1411.9
2021-06-15,31014.53,31307.32,30464.62,30782.82,2038.6
2021-06-16,33569.17,34031.27,32558.91,33293.14,1308.5
2021-06-17,32515.02,33390.8,31875.24,32460.1,1174.7
2021-06-18,32456.0,32952.12,31259.77,32136.22,330.9
2021-06-19,33560.85,33985.89,32428.55,33365.94,1969.9
2021-06-20,34760.74,35312.51,34389.35,34419.22,4317.8
2021-06-21,36480.76,37068.43,35549.16,36348.66,3240.7
2021-06-22,36222.4,36982.16,35628.78,36506.02,4773.7
2021-06-23,37227.62,37427.14,37129.61,37227.19,4365.5
2021-06-24,36374.6,37221.9,35947.89,36521.83,848.9
2021-06-25,36862.05,37448.55,35558.66,36657.77,1688.4
2021-06-26,34739.07,36053.84,34612.68,35076.16,4175.2
2021-06-27,35200.87,36200.87,33978.41,34936.74,2481.4
2021-06-28,35037.86,36148.8,34791.72,35342.36,729.1
2021-06-29,33650.12,34693.87,33067.78,33808.99,1137.8
2021-06-30,34077.14,34823.36,33234.34,34050.38,1627.4
2021-07-01,35742.08,36342.05,34799.57,35786.38,1201.0
2021-07-02,35626.08,36372.64,34803.24,35741.82,1179.1
2021-07-03,37143.91,38360.79,36987.5,37346.37,447.2
2021-07-04,37954.04,38919.69,37059.35,38153.96,748.3
2021-07-05,39740.44,40698.12,39510.94,39762.18,1033.0
2021-07-06,38745.49,39565.48,38075.48,39060.37,2388.4
2021-07-07,39179.74,39295.42,38108.57,38803.99,1762.6
2021-07-08,37067.68,37344.19,35907.43,36801.48,2298.2
2021-07-09,35714.96,36888.77,35118.3,35894.57,4320.6
2021-07-10,36420.47,36475.74,36383.07,36383.85,4196.5
2021-07-11,39522.18,39719.37,38642.83,39248.46,1147.4
2021-07-12,38576.36,38720.85,37857.65,38652.86,4928.0
2021-07-13,38403.95,38926.33,38354.77,38438.53,4977.6
2021-07-14,40840.38,41720.58,39760.48,40794.88,1553.9
2021-07-15,42685.52,43643.35,41443.19,42649.53,2962.5
2021-07-16,42281.09,43362.71,41210.0,42278.68,4807.8
2021-07-17,43204.48,44079.65,42133.12,43122.52,687.4
2021-07-18,43942.63,44267.21,43071.88,43602.28,3135.0
2021-07-19,41868.79,43042.84,40850.68,41849.73,3609.3
2021-07-20,42581.0,43312.95,42161.61,42804.71,1570.0
2021-07-21,41449.78,42381.99,41447.86,41807.2,4980.9
2021-07-22,43678.62,44336.33,42715.77,44054.62,4673.0
2021-07-23,46269.83,46610.42,46039.05,46390.88,3547.3
2021-07-24,44231.07,45541.06,43674.37,44132.49,138.3
2021-07-25,44824.97,46087.6,43518.6,44678.97,665.6
2021-07-26,43146.99,44210.56,42205.11,43488.79,3063.7
2021-07-27,43410.5,43754.29,42629.96,43294.27,4536.1
2021-07-28,42598.73,42716.68,41574.31,42305.89,1455.7
2021-07-29,44983.78,45337.29,44512.51,44860.76,2803.2
2021-07-30,44869.3,44947.32,43624.51,44934.29,4427.2
2021-07-31,46885.65,47704.99,45383.68,46573.98,724.5
2021-08-01,45251.59,46650.9,44974.82,45425.79,4317.4
2021-08-02,46086.38,46461.25,45782.37,46318.41,4432.3
2021-08-03,45586.31,46522.23,44430.09,45671.83,4656.4
2021-08-04,48869.79,50162.03,47147.0,48567.92,3709.2
2021-08-05,44937.0,46347.4,44670.39,45088.33,4333.9
2021-08-06,45826.86,45975.47,45390.24,45564.98,4307.1
2021-08-07,44166.1,45500.65,43451.01,44412.64,1595.4
2021-08-08,44313.74,44999.19,43420.72,44739.97,4335.3
2021-08-09,44081.2,44450.32,43203.66,43673.39,2058.4
2021-08-10,45968.37,46127.43,45527.6,45568.07,975.0
2021-08-11,45767.62,46132.11,44135.15,45348.12,2229.4
2021-08-12,45272.61,45967.21,44343.4,45176.64,2925.3
2021-08-13,43615.72,44762.73,42309.46,43830.73,4635.3
2021-08-14,41669.78,42508.13,40678.15,41469.11,442.9
2021-08-15,41062.34,41469.1,40085.5,40927.9,4255.3
2021-08-16,40556.2,41210.28,39829.11,40711.49,1548.7
2021-08-17,39246.38,40039.88,39176.16,39541.13,3418.9
2021-08-18,40956.93,41796.57,39728.72,41120.63,1505.9
2021-08-19,39935.79,40687.71,39522.1,39991.87,2378.4
2021-08-20,39075.7,40153.66,38836.59,39096.67,931.5
2021-08-21,39118.13,40055.66,38687.37,39445.69,1742.4
2021-08-22,40556.93,40830.25,39446.18,40417.25,219.7
2021-08-23,38089.36,38830.45,37917.66,38284.73,456.9
2021-08-24,36449.59,37439.85,35896.7,36673.72,1295.5
2021-08-25,37728.66,37734.94,37330.27,37611.27,3873.2
2021-08-26,38457.64,39821.0,37901.49,38708.56,346.1
2021-08-27,39406.47,40613.09,38763.9,39605.13,4026.9
2021-08-28,37649.92,38722.99,37455.78,37578.18,3102.0
2021-08-29,34344.04,34864.12,34020.27,34194.08,2784.6
2021-08-30,35763.17,36059.52,34955.54,35781.29,3224.5
2021-08-31,34731.98,35275.15,34161.46,34548.32,1445.5
2021-09-01,35273.61,35775.27,34787.0,35435.39,778.0
2021-09-02,35728.95,36669.86,35414.27,35922.02,414.7
2021-09-03,34559.58,34832.7,33958.39,34617.9,4533.7
2021-09-04,35519.15,36260.28,35307.11,35459.52,3851.4
2021-09-05,35266.68,36171.1,35111.63,35371.55,4771.8
2021-09-06,35416.64,36269.61,34934.41,35474.09,3055.9
2021-09-07,35599.84,35676.62,34890.83,35645.58,3427.8
2021-09-08,36449.54,36700.25,35867.14,36519.43,725.4
2021-09-09,36238.46,36930.32,35180.77,36315.44,3249.5
2021-09-10,35856.67,36620.13,34835.06,36119.83,1957.6
2021-09-11,36589.18,37005.34,36128.21,36399.01,4176.4
2021-09-12,37324.79,37602.81,36226.75,37510.64,2743.2
2021-09-13,38856.76,39767.45,38335.69,38740.42,3795.7
2021-09-14,39099.78,39333.63,37612.47,38751.32,846.7
2021-09-15,40230.39,40493.45,39816.73,40178.98,3857.8
2021-09-16,41405.0,42441.28,41091.89,41681.95,661.2
2021-09-17,42946.66,43319.28,42060.19,43285.94,3419.0
2021-09-18,40110.5,40587.8,39406.47,39746.29,472.4
2021-09-19,38734.91,39950.65,38560.94,39045.79,3042.0
2021-09-20,36987.25,38369.74,36746.06,37269.71,1801.3
2021-09-21,36155.0,36525.12,35987.55,36150.69,4129.4
2021-09-22,36401.65,37748.68,36003.69,36691.11,4160.7
2021-09-23,36508.07,37565.5,35542.44,36338.15,4060.2
2021-09-24,35064.36,35572.97,34444.33,35037.61,3682.0
2021-09-25,35001.81,35092.81,34648.33,34771.81,1294.9
2021-09-26,37117.92,37824.25,36426.4,37144.14,240.6
2021-09-27,37426.66,38544.39,36685.99,37643.39,4413.6
2021-09-28,37131.14,37438.89,35884.12,36982.33,4745.5
2021-09-29,38758.39,39649.01,38398.65,38767.25,3264.9
2021-09-30,39880.91,40837.1,38795.81,39888.24,1185.8
2021-10-01,39537.62,40098.97,38917.76,39473.24,2185.0
2021-10-02,38570.67,38953.44,38039.73,38381.88,1427.5
2021-10-03,38151.37,38525.07,37620.15,38387.39,3834.7
2021-10-04,38834.12,39333.89,38233.2,39080.2,3650.5
2021-10-05,40565.26,40864.95,39584.54,40742.08,1214.7
2021-10-06,40239.96,40516.8,39677.57,40499.61,1444.1
2021-10-07,42455.01,42615.85,42121.16,42288.04,2505.3
2021-10-08,42311.61,43040.3,41330.0,41998.54,2258.3
2021-10-09,42574.78,43184.96,41977.28,42202.5,2063.5
2021-10-10,42291.33,43460.14,41090.61,42654.67,831.1
2021-10-11,41904.54,42053.45,41201.41,41494.64,3071.0
2021-10-12,41270.23,41549.65,40443.95,41031.64,2307.5
2021-10-13,38753.94,39108.98,37941.49,38377.81,3087.2
2021-10-14,39516.5,40639.86,38392.98,39327.66,1134.0
2021-10-15,38656.31,38997.77,37499.72,38910.15,2307.5
2021-10-16,38320.28,38655.11,37366.67,38248.51,3564.1
2021-10-17,37973.02,39025.53,37590.44,37831.24,3162.8
2021-10-18,36566.44,37590.67,35820.35,36448.94,2768.4
2021-10-19,35014.22,35089.23,33916.52,34786.97,1607.3
2021-10-20,32829.79,33390.4,31969.97,32667.14,709.3
2021-10-21,32293.78,32778.64,31524.26,32010.38,494.2
2021-10-22,30129.65,30803.64,29517.1,30409.5,1326.8
2021-10-23,32923.52,33491.65,32655.49,32703.77,4997.9
2021-10-24,34420.28,34698.58,33314.43,34302.09,3805.7
2021-10-25,32870.28,33049.25,32193.48,32599.01,3210.4
2021-10-26,32908.65,33004.19,32264.92,32914.1,1733.2
2021-10-27,31721.29,32492.02,31043.93,31829.64,4731.4
2021-10-28,30097.94,30594.64,29421.17,29910.36,1641.1
2021-10-29,28631.52,29129.36,28621.32,28686.5,3322.5
2021-10-30,31105.72,31491.35,30321.77,31079.25,1872.7
2021-10-31,31312.24,31503.46,30729.01,31150.27,4645.6
2021-11-01,29596.33,30253.74,28816.25,29633.01,4868.4
2021-11-02,28848.93,29527.4,28461.42,29047.39,556.7
2021-11-03,28862.31,29652.79,28119.16,28580.92,675.6
2021-11-04,29295.76,29742.99,28533.58,29169.39,4190.1
2021-11-05,28405.36,28613.06,27756.36,28135.12,1979.6
2021-11-06,29399.61,30161.67,28544.71,29178.25,3971.0
2021-11-07,28564.71,29415.35,28142.87,28613.39,4120.7
2021-11-08,28498.65,29352.67,28013.6,28449.18,828.1
2021-11-09,29301.08,29604.46,28884.91,29278.48,2762.8
2021-11-10,28242.58,29014.22,27879.77,28419.55,1244.5
2021-11-11,28828.8,28866.55,28451.21,28670.8,3555.6
2021-11-12,29147.56,29865.24,29035.73,29052.45,2527.1
2021-11-13,27870.08,28554.45,27527.43,28130.56,4361.5
2021-11-14,28900.23,29296.39,28644.72,28885.24,2108.9
2021-11-15,28206.86,28337.48,27672.28,28119.81,4849.1
2021-11-16,27411.6,28112.05,27208.63,27329.7,4310.8
2021-11-17,28517.04,28857.2,28276.4,28585.64,3821.1
2021-11-18,28533.91,29327.34,28466.22,28782.35,4987.4
2021-11-19,28736.35,29110.47,27821.82,28595.23,3205.4
2021-11-20,29472.38,30271.16,28518.22,29358.47,4001.1
2021-11-21,28450.47,28889.79,27721.2,28568.53,2702.7
2021-11-22,26775.83,27017.59,26672.08,26953.73,3136.6
2021-11-23,26152.13,27008.3,25479.85,26288.4,2359.6
2021-11-24,26020.78,26912.97,25943.66,26278.63,3420.3
2021-11-25,26807.9,27350.24,26281.58,26992.54,2979.1
2021-11-26,26230.94,27031.24,25600.78,26362.71,1985.0
2021-11-27,25619.02,25810.0,25290.01,25627.62,2916.6
2021-11-28,26637.07,27163.07,25810.57,26384.86,2873.1
2021-11-29,26455.26,27046.27,25605.37,26357.31,3071.4
2021-11-30,24263.61,24951.81,23977.59,24367.81,1826.4
2021-12-01,24479.81,24935.79,24177.1,24413.1,3632.5
2021-12-02,23599.69,24239.29,23289.56,23539.31,1613.8
2021-12-03,22196.44,22609.14,22018.22,22222.75,541.7
2021-12-04,21726.67,21955.24,21426.46,21868.54,4860.3
2021-12-05,23108.53,23741.81,22976.83,23094.28,1359.2
2021-12-06,23664.58,24194.59,23053.79,23520.4,664.3
2021-12-07,22895.54,22992.22,22662.72,22685.52,4314.7
2021-12-08,22542.96,23087.09,21909.29,22334.24,3974.3
2021-12-09,19987.61,20508.74,19660.68,20183.83,3396.9
2021-12-10,19878.28,20439.02,19222.59,19750.92,1245.7
2021-12-11,18767.52,19450.13,18520.58,18947.51,4584.8
2021-12-12,19119.12,19640.72,18598.41,18996.08,2100.6
2021-12-13,19099.58,19784.31,18700.99,19238.18,2513.9
2021-12-14,20247.88,20674.09,20047.72,20396.51,3741.4
2021-12-15,21447.51,21717.19,21093.54,21257.9,857.2
2021-12-16,20967.48,21228.71,20936.99,20971.95,260.3
2021-12-17,21094.32,21430.39,21063.03,21149.08,4291.7
2021-12-18,22088.82,22736.8,21644.59,22069.19,2050.9
2021-12-19,22621.49,22846.12,22518.36,22762.7,2328.1
2021-12-20,22217.84,22232.08,22032.93,22174.76,1293.5
2021-12-21,21073.46,21591.93,20484.63,21232.31,3849.3
2021-12-22,21534.59,21746.85,20829.87,21376.54,4512.6
2021-12-23,21668.42,22449.66,21112.42,21886.04,737.0
2021-12-24,21961.17,21978.15,21243.7,21890.66,3970.9
2021-12-25,22254.45,22589.01,21703.15,22371.71,356.8
2021-12-26,22438.36,22758.95,22179.95,22328.65,2614.9
2021-12-27,21214.41,21704.77,21179.67,21381.59,312.5
2021-12-28,21708.85,22007.16,21676.13,21699.54,398.0
2021-12-29,20205.17,20457.21,20014.9,20213.67,2502.3
2021-12-30,20281.37,20826.09,19712.89,20452.85,1447.6
2021-12-31,20362.72,20697.7,19897.53,20308.67,4973.7
2022-01-01,19588.71,19646.99,19372.61,19547.49,4278.7
2022-01-02,19468.38,19917.49,19247.24,19409.8,1153.6
2022-01-03,18887.75,19206.59,18556.83,18948.79,565.9
2022-01-04,19069.67,19478.71,18711.71,19097.65,847.9
2022-01-05,19452.18,19506.59,18800.22,19323.96,3720.1
2022-01-06,19332.24,19654.92,18974.1,19212.45,2851.8
2022-01-07,18997.67,19433.77,18855.35,19053.46,4353.7
2022-01-08,19443.53,20008.4,19125.89,19357.95,1823.1
2022-01-09,19009.59,19137.47,18443.2,18950.18,4242.3
2022-01-10,18690.5,19168.88,18451.69,18740.14,4055.4
2022-01-11,19871.9,20237.69,19534.49,19746.15,228.6
2022-01-12,18360.5,18817.38,17804.21,18204.28,984.0
2022-01-13,17991.5,18052.63,17921.26,18049.32,2875.0
2022-01-14,17500.62,17610.05,17308.03,17535.42,250.2
2022-01-15,17502.13,17709.52,17171.37,17530.24,3635.8
2022-01-16,17203.29,17496.22,16638.91,17108.56,357.8
2022-01-17,17631.21,17775.14,17391.88,17570.08,2479.7
2022-01-18,18266.79,18437.85,18132.5,18287.98,657.7
2022-01-19,17884.54,18145.64,17642.97,17820.93,322.5
2022-01-20,18005.47,18367.68,17469.46,18043.26,1577.0
2022-01-21,18042.77,18309.91,17505.67,18131.43,3760.4
2022-01-22,18351.69,18682.19,18188.55,18471.5,2551.3
2022-01-23,18899.62,19555.6,18356.62,19062.77,191.8
2022-01-24,18173.62,18643.65,17792.45,18021.82,2909.7
2022-01-25,17724.61,17873.27,17365.56,17862.09,4026.5
2022-01-26,17278.96,17710.26,17196.74,17238.23,531.8
2022-01-27,17526.53,17802.03,17178.29,17495.43,1620.3
2022-01-28,17066.71,17292.74,16640.79,17121.66,2601.4
2022-01-29,17809.99,17996.66,17522.07,17666.56,4112.8
2022-01-30,18271.25,18400.76,17691.91,18156.85,1066.6
2022-01-31,17356.87,17449.11,17185.14,17303.06,2521.2
2022-02-01,16779.21,17161.71,16418.25,16694.26,4628.4
2022-02-02,15976.26,16390.48,15758.35,15936.57,839.7
2022-02-03,15494.1,15836.38,15170.03,15629.04,1445.9
2022-02-04,16182.91,16464.74,15725.04,16244.51,4175.3
2022-02-05,16343.69,16910.59,16272.74,16483.23,3113.5
2022-02-06,15862.96,16239.78,15796.25,15845.75,2303.7
2022-02-07,15921.1,16232.44,15500.99,15823.06,2430.6
2022-02-08,15816.85,16373.33,15505.31,15943.28,3600.1
2022-02-09,16111.51,16194.92,15746.48,16110.05,2245.0
2022-02-10,15372.5,15651.27,15041.79,15478.14,2103.0
2022-02-11,15676.73,16009.67,15577.6,15727.57,3271.8
2022-02-12,16013.76,16150.27,15824.59,15956.84,3317.2
2022-02-13,16192.3,16616.51,15740.54,16061.76,2955.4
2022-02-14,16548.83,16895.6,16096.39,16395.46,3015.7
2022-02-15,16960.98,17118.5,16499.28,16813.69,3979.1
2022-02-16,17270.49,17653.26,16995.68,17157.61,2679.3
2022-02-17,16385.68,16593.81,16025.17,16337.96,1876.7
2022-02-18,16659.15,16902.18,16128.2,16511.32,774.1
2022-02-19,16736.87,17307.22,16285.55,16879.61,3877.3
2022-02-20,17347.42,17686.19,17225.8,17509.3,742.1
2022-02-21,16380.37,16500.78,16297.49,16420.86,3878.4
2022-02-22,16530.5,16755.14,16370.0,16551.13,1263.9
2022-02-23,16213.19,16370.04,16090.88,16231.3,2299.7
2022-02-24,15855.67,16078.77,15680.45,15758.4,1902.4
2022-02-25,15802.53,16269.23,15409.53,15662.47,1480.7
2022-02-26,15313.98,15689.28,15082.03,15172.5,778.2
2022-02-27,15538.47,15916.94,15479.79,15616.55,2817.2
2022-02-28,16581.84,16723.65,16349.18,16466.19,1436.7
2022-03-01,17279.8,17356.18,16851.58,17140.85,4737.4
2022-03-02,17208.92,17274.66,16720.15,17260.85,2559.8
2022-03-03,17822.89,18452.16,17488.66,17917.57,238.1
2022-03-04,19067.4,19520.09,18518.55,19010.38,1505.7
2022-03-05,18602.35,18990.81,18003.0,18480.46,3557.1
2022-03-06,18268.03,18564.51,18177.58,18423.06,2789.1
2022-03-07,18533.44,18826.88,17957.64,18449.59,1511.7
2022-03-08,18361.83,18829.34,18062.78,18391.32,643.2
2022-03-09,18738.5,19073.96,18039.41,18587.88,2625.3
2022-03-10,18585.46,18955.08,18162.03,18611.8,2141.2
2022-03-11,19041.99,19090.9,18965.17,18979.6,431.6
2022-03-12,18383.25,18688.86,17872.53,18205.44,2403.7
2022-03-13,18136.39,18670.17,17682.33,18087.31,179.6
2022-03-14,18317.21,18662.45,18107.28,18232.27,3702.4
2022-03-15,17608.84,17691.52,17369.01,17668.02,4086.2
2022-03-16,18147.85,18539.56,17947.35,18160.7,4076.3
2022-03-17,18983.37,19596.65,18674.52,19150.71,1537.9
2022-03-18,19407.28,20135.19,19125.13,19586.74,4946.7
2022-03-19,19733.86,19883.83,19570.96,19716.89,1036.4
2022-03-20,19112.93,19303.25,18475.75,18974.12,1903.3
2022-03-21,20040.14,20487.02,19822.38,19885.24,1994.6
2022-03-22,20694.07,21268.96,20395.63,20695.1,4025.6
2022-03-23,20655.29,20704.2,20316.68,20561.91,4129.5
2022-03-24,19792.61,20356.02,19380.82,19960.25,3052.8
2022-03-25,19763.66,20202.48,19379.19,19792.91,307.5
2022-03-26,20442.81,20611.19,20229.02,20241.14,4744.7
2022-03-27,19597.79,20143.81,19223.46,19765.78,4025.4
2022-03-28,18902.1,19385.12,18778.09,19038.11,270.5
2022-03-29,17404.61,17966.61,17073.75,17556.57,1976.0
2022-03-30,16858.02,17337.88,16481.4,16797.86,3839.1
2022-03-31,16498.62,16760.68,16176.76,16474.27,3282.8
2022-04-01,16557.58,16805.47,16176.83,16479.9,2852.2
2022-04-02,16688.01,16898.84,16410.79,16767.9,4982.2
2022-04-03,16480.14,16543.68,16407.38,16483.04,2315.0
2022-04-04,17882.98,18121.78,17256.0,17741.52,3441.5
2022-04-05,17999.51,18089.78,17752.29,18054.61,4467.5
2022-04-06,17726.09,18104.62,17564.02,17602.4,3224.7
2022-04-07,17671.98,17914.2,17215.45,17806.83,3972.8
2022-04-08,16934.92,17381.07,16614.3,17096.9,4037.9
2022-04-09,16186.58,16473.09,16186.38,16321.65,3622.5
2022-04-10,16084.19,16455.33,15990.73,16075.93,461.4
2022-04-11,16858.6,17219.8,16527.08,16875.48,4402.0
2022-04-12,16828.09,17151.09,16323.61,16734.29,4834.7
2022-04-13,15427.13,15623.52,15035.13,15565.54,906.8
2022-04-14,16005.23,16404.0,15691.22,16062.2,4710.4
2022-04-15,16841.42,17248.31,16614.49,16925.84,713.3
2022-04-16,16164.25,16487.97,15923.03,16228.25,926.3
2022-04-17,16592.46,16951.17,16344.03,16539.96,4228.4
2022-04-18,16445.64,16852.79,15945.98,16424.74,322.8
2022-04-19,16002.69,16370.89,15675.22,15954.46,3231.1
2022-04-20,15390.18,15680.36,15062.22,15390.78,4787.6
2022-04-21,14480.81,14610.02,14026.19,14427.43,393.6
2022-04-22,14511.82,14740.45,14165.29,14529.37,3072.6
2022-04-23,14290.16,14659.18,14213.03,14223.54,740.8
2022-04-24,14921.1,15211.9,14616.31,14959.83,2385.7
2022-04-25,14800.7,15050.92,14527.25,14921.02,3115.3
2022-04-26,15240.22,15714.96,14856.03,15317.34,1704.4
2022-04-27,14990.34,15214.42,14694.78,14911.87,2543.9
2022-04-28,14648.07,14714.59,14624.0,14704.37,2576.7
2022-04-29,15014.89,15082.03,14787.37,15059.2,4423.5
2022-04-30,15033.72,15245.96,14779.17,14987.48,4251.1
2022-05-01,14070.88,14393.32,13740.7,14007.15,2062.8
2022-05-02,14458.22,14542.65,14244.41,14437.93,460.3
2022-05-03,13523.48,13986.37,13393.82,13583.32,682.2
2022-05-04,13694.68,13856.51,13482.31,13565.78,1761.5
2022-05-05,14222.16,14526.82,14008.86,14308.28,322.0
2022-05-06,13896.62,14138.1,13677.22,13998.24,2339.2
2022-05-07,13492.68,13788.28,13153.68,13539.26,4954.0
2022-05-08,13253.25,13372.22,12927.51,13190.11,4158.6
2022-05-09,12433.88,12789.38,12198.27,12483.87,3401.7
2022-05-10,12467.65,12685.97,12273.83,12349.12,3654.1
2022-05-11,12308.44,12671.98,12228.28,12314.7,3903.2
2022-05-12,12244.7,12509.7,12072.97,12225.72,935.5
2022-05-13,11900.05,11952.81,11706.19,11819.4,254.7
2022-05-14,11508.26,11546.2,11070.32,11406.02,1637.1
2022-05-15,11743.27,12037.87,11715.27,11764.35,4376.8
2022-05-16,12339.3,12362.36,11963.81,12281.37,1116.0
2022-05-17,12003.47,12116.45,11699.77,11997.36,4569.4
2022-05-18,12512.53,12685.52,12426.94,12552.11,3632.5
2022-05-19,12162.96,12233.12,11861.91,12136.24,2834.6
2022-05-20,11564.15,11967.53,11320.48,11628.13,1516.1
2022-05-21,11757.1,11923.76,11733.72,11800.28,3997.5
2022-05-22,12369.75,12471.48,12249.75,12426.05,1960.5
2022-05-23,13347.11,13669.29,12945.3,13226.85,1509.4
2022-05-24,13180.72,13317.68,12904.95,13124.51,1356.6
2022-05-25,12832.35,13191.54,12705.58,12822.46,772.6
2022-05-26,12895.6,13122.63,12573.44,12865.83,3382.2
2022-05-27,12130.42,12391.74,12027.56,12239.97,592.7
2022-05-28,12190.96,12192.86,11961.73,12125.29,4652.6
2022-05-29,11387.09,11550.19,11030.13,11301.56,4823.2
2022-05-30,11773.37,12044.58,11740.85,11815.63,538.4
2022-05-31,11412.53,11733.22,11332.25,11361.83,957.8
2022-06-01,11229.36,11288.58,11117.3,11144.17,4986.1
2022-06-02,10877.74,11191.71,10759.65,10783.57,4396.0
2022-06-03,10944.49,11241.3,10651.39,11052.97,4916.7
2022-06-04,10815.07,10975.32,10785.79,10805.71,4270.2
2022-06-05,11911.61,11988.18,11594.52,11919.24,896.2
2022-06-06,11538.85,11868.33,11466.42,11611.73,2882.1
2022-06-07,11755.41,11817.3,11644.76,11695.23,4495.5
2022-06-08,11829.27,12167.34,11539.97,11927.85,789.0
2022-06-09,11446.13,11572.13,11192.3,11486.66,1254.1
2022-06-10,11468.05,11763.34,11127.94,11513.65,3303.0
2022-06-11,10557.79,10577.47,10239.03,10517.24,1603.4
2022-06-12,10240.28,10456.42,9949.98,10159.99,675.3
2022-06-13,10484.86,10577.66,10278.1,10398.32,1173.7
2022-06-14,10593.87,10786.38,10356.9,10541.64,2791.2
2022-06-15,10696.89,10875.72,10589.1,10703.13,1170.2
2022-06-16,10796.32,10822.84,10538.48,10716.34,3548.5
2022-06-17,11252.55,11540.38,10935.82,11348.31,2783.5
2022-06-18,10758.2,10940.71,10603.39,10834.07,669.6
2022-06-19,10756.52,11009.57,10463.17,10820.27,2600.8
2022-06-20,10976.48,11126.9,10663.37,10973.57,2365.7
2022-06-21,10648.04,10879.09,10391.3,10583.08,4100.6
2022-06-22,10477.27,10682.71,10182.99,10573.42,4971.2
2022-06-23,10178.14,10199.21,10070.39,10090.44,255.5
2022-06-24,9636.29,9919.12,9483.5,9585.33,2159.8
2022-06-25,9996.96,10111.67,9860.66,9899.38,4543.2
2022-06-26,9560.45,9715.13,9430.56,9529.61,1804.1
2022-06-27,9824.8,10047.77,9685.93,9888.39,3666.5
2022-06-28,9801.82,9984.86,9705.81,9896.28,2767.8
2022-06-29,9934.06,10179.44,9703.61,9927.72,1796.2
2022-06-30,9843.54,9876.86,9743.43,9799.44,2154.3
2022-07-01,10655.76,10938.27,10286.36,10599.36,1109.8
2022-07-02,10701.55,10927.34,10375.83,10680.66,3728.7
2022-07-03,10720.74,10817.25,10469.0,10741.73,4332.3
2022-07-04,11115.36,11435.59,11025.83,11162.4,1662.6
2022-07-05,11348.57,11577.54,11095.56,11326.39,1578.6
2022-07-06,11626.57,11797.2,11299.03,11691.8,4747.7
2022-07-07,12258.73,12593.97,12029.83,12166.34,2193.3
2022-07-08,11127.46,11351.57,10959.17,11030.05,1661.8
2022-07-09,11043.29,11111.32,10836.71,11061.8,3796.6
2022-07-10,10281.11,10541.36,10221.2,10322.25,4582.2
2022-07-11,10454.79,10758.33,10303.08,10441.76,757.1
2022-07-12,10486.62,10776.75,10407.99,10455.94,553.1
2022-07-13,10753.67,10815.12,10470.64,10705.59,3401.0
2022-07-14,10037.57,10331.38,9954.55,10100.57,2838.4
2022-07-15,9666.36,9922.59,9472.93,9670.35,4789.4
2022-07-16,10562.51,10599.68,10465.66,10465.79,2446.7
2022-07-17,10497.51,10743.16,10246.99,10551.83,4584.1
2022-07-18,9926.74,10109.79,9735.93,9950.49,1381.7
2022-07-19,9762.49,9908.13,9496.06,9759.98,4908.5
2022-07-20,9196.79,9299.07,8960.84,9121.21,2856.4
2022-07-21,9188.82,9280.79,8985.04,9240.33,4680.3
2022-07-22,8885.36,9036.1,8720.05,8947.56,4183.5
2022-07-23,8794.79,8967.63,8711.64,8794.91,1360.9
2022-07-24,9172.31,9307.31,8918.16,9146.39,3995.4
2022-07-25,8342.24,8579.26,8214.18,8397.79,4592.8
2022-07-26,7923.26,8001.92,7886.82,7993.8,4731.4
2022-07-27,7917.84,8099.4,7752.18,7891.29,4228.5
2022-07-28,7866.06,8064.57,7718.15,7944.04,3127.4
2022-07-29,8407.18,8562.68,8249.32,8379.23,2490.5
2022-07-30,8667.44,8891.91,8478.86,8752.89,4889.6
2022-07-31,8686.92,8985.61,8601.97,8771.63,4050.2
2022-08-01,8825.65,8937.23,8611.7,8897.48,2679.6
2022-08-02,8876.19,8947.37,8660.99,8820.58,1928.0
2022-08-03,8575.6,8633.71,8411.84,8492.33,4254.5
2022-08-04,8735.17,8960.07,8645.59,8708.4,558.2
2022-08-05,8355.55,8432.79,8147.84,8430.4,2549.3
2022-08-06,8678.91,8894.9,8565.87,8690.4,4304.0
2022-08-07,8918.52,9057.95,8883.23,9000.87,4449.0
2022-08-08,9216.8,9234.2,8960.85,9221.32,4635.4
2022-08-09,9469.94,9825.59,9275.19,9559.24,4811.2
2022-08-10,9323.58,9533.99,9227.16,9307.38,2051.7
2022-08-11,9432.7,9719.34,9259.84,9481.91,4493.0
2022-08-12,9544.38,9793.69,9298.12,9576.61,4943.5
2022-08-13,9605.89,9621.36,9354.93,9515.62,4209.5
2022-08-14,9101.95,9341.71,9089.62,9131.06,2043.8
2022-08-15,9103.9,9417.68,8964.78,9145.36,1843.5
2022-08-16,9150.48,9269.03,8983.3,9070.46,3337.3
2022-08-17,9507.95,9711.36,9191.32,9451.61,855.7
2022-08-18,9731.0,9916.05,9614.3,9689.98,1651.7
2022-08-19,9682.76,9824.98,9470.64,9720.03,749.3
2022-08-20,9683.57,9875.71,9554.22,9744.49,2099.4
2022-08-21,9979.98,10242.39,9777.71,10061.87,1987.7
2022-08-22,10076.83,10236.68,9800.13,10118.96,4515.6
2022-08-23,10948.59,11004.29,10729.74,10932.85,780.3
2022-08-24,10301.28,10495.42,10011.79,10342.42,2229.9
2022-08-25,9894.68,10054.47,9671.04,9979.12,3162.7
2022-08-26,10192.38,10252.17,9900.74,10173.29,1592.8
2022-08-27,10505.11,10758.52,10269.13,10479.92,1740.2
2022-08-28,10444.38,10713.69,10370.87,10378.89,767.0
2022-08-29,9943.6,10097.74,9933.03,10003.45,4846.8
2022-08-30,10728.55,10998.1,10564.73,10773.49,2921.8
2022-08-31,10862.47,10990.52,10507.2,10794.14,2862.9
2022-09-01,11184.5,11367.58,11057.31,11163.91,2795.5
2022-09-02,11631.54,11784.54,11337.0,11583.27,3494.9
2022-09-03,11528.53,11803.71,11252.39,11455.45,2546.6
2022-09-04,11294.9,11537.26,11187.92,11259.17,462.4
2022-09-05,11152.92,11313.27,10846.0,11044.53,2582.4
2022-09-06,11578.31,11852.97,11345.94,11568.21,4488.0
2022-09-07,11282.11,11498.11,10964.32,11273.79,3867.9
2022-09-08,11107.05,11121.81,11069.04,11074.49,3419.6
2022-09-09,10752.66,11017.58,10741.6,10774.29,2209.2
2022-09-10,11071.06,11243.37,10929.4,11068.69,2918.7
2022-09-11,11079.84,11222.02,11004.17,11091.87,2984.1
2022-09-12,10635.99,10771.77,10449.64,10738.09,4812.5
2022-09-13,10657.83,11043.4,10383.39,10740.3,1628.3
2022-09-14,10494.02,10647.56,10317.14,10497.61,3514.1
2022-09-15,10531.76,10665.26,10471.79,10570.04,663.9
2022-09-16,10923.77,10977.63,10879.94,10885.2,1295.2
2022-09-17,10373.44,10491.58,10236.46,10441.42,4796.5
2022-09-18,10420.74,10688.42,10243.21,10486.92,243.0
2022-09-19,10886.48,10950.93,10728.81,10861.69,2005.3
2022-09-20,10847.0,11110.17,10489.02,10792.54,598.6
2022-09-21,10628.14,10687.75,10336.34,10549.66,2342.0
2022-09-22,10501.59,10702.94,10368.87,10495.77,3095.4
2022-09-23,11248.23,11365.64,11176.65,11228.69,3125.1
2022-09-24,11425.32,11683.27,11111.61,11471.79,756.3
2022-09-25,10813.42,10996.53,10548.4,10896.7,3497.8
2022-09-26,10427.84,10624.83,10173.12,10503.92,3214.0
2022-09-27,10521.61,10725.29,10481.03,10481.06,2819.1
2022-09-28,10244.8,10422.06,9953.93,10282.93,1859.3
2022-09-29,10197.87,10341.07,10141.34,10298.88,4822.8
2022-09-30,9917.38,10041.04,9833.42,9880.88,2494.6
2022-10-01,9787.66,9879.18,9717.5,9870.04,1531.2
2022-10-02,9741.2,9940.81,9665.95,9806.27,3853.0
2022-10-03,10240.5,10275.28,9958.46,10230.32,3898.1
2022-10-04,10452.52,10465.57,10297.96,10385.51,2777.1
2022-10-05,10176.0,10207.27,10025.91,10077.29,3781.6
2022-10-06,9673.08,9784.07,9619.9,9682.82,2251.4
2022-10-07,11029.33,11285.97,10671.43,10921.44,4072.4
2022-10-08,10667.12,10869.62,10356.57,10622.35,782.3
2022-10-09,10382.95,10509.08,10089.95,10444.24,1819.0
2022-10-10,10322.58,10577.91,10102.5,10359.11,1410.0
2022-10-11,10882.07,11203.79,10700.75,10804.7,566.6
2022-10-12,11549.55,11893.43,11407.94,11453.62,721.8
2022-10-13,11376.66,11461.87,11196.18,11293.97,4159.6
2022-10-14,11337.73,11536.56,11089.0,11340.12,2129.7
2022-10-15,10738.67,10953.31,10700.05,10748.99,556.2
2022-10-16,10541.07,10657.78,10434.28,10449.87,1703.7
2022-10-17,10320.36,10666.17,10237.61,10424.08,3681.6
2022-10-18,9878.43,9925.34,9740.46,9906.52,1167.4
2022-10-19,10027.57,10105.52,9807.53,10041.7,4158.9
2022-10-20,9815.85,9958.77,9609.88,9802.88,3444.5
2022-10-21,10097.65,10220.12,10032.18,10189.68,2352.0
2022-10-22,10680.52,10693.29,10667.07,10693.07,1091.4
2022-10-23,11258.63,11303.18,11098.55,11216.32,879.0
2022-10-24,11541.78,11628.48,11289.38,11506.21,4528.6
2022-10-25,11301.34,11512.73,11065.88,11377.45,3527.3
2022-10-26,11485.29,11485.66,11259.15,11438.68,750.2
2022-10-27,11957.84,12268.96,11602.44,12023.68,3508.4
2022-10-28,12520.81,12590.02,12171.79,12540.3,1977.0
2022-10-29,11403.64,11438.68,11117.43,11351.26,4416.8
2022-10-30,11860.26,11907.63,11798.01,11800.51,800.0
2022-10-31,12351.72,12354.86,12214.58,12344.19,2256.5
2022-11-01,12157.8,12394.38,12043.48,12243.16,4313.8
2022-11-02,11556.84,11688.29,11471.01,11653.17,2988.9
2022-11-03,10834.15,10920.11,10599.15,10874.49,512.8
2022-11-04,11541.5,11749.25,11393.46,11529.19,3917.0
2022-11-05,11282.17,11384.27,11083.83,11246.54,2596.7
2022-11-06,10591.04,10684.94,10239.89,10538.8,4499.8
2022-11-07,10870.84,11119.9,10738.41,10955.7,2688.6
2022-11-08,10936.57,11260.36,10811.59,10833.07,746.7
2022-11-09,11121.53,11380.02,11042.36,11151.55,4776.8
2022-11-10,10824.92,10830.34,10465.51,10766.7,1384.7
2022-11-11,10961.94,11128.54,10777.44,10898.88,2555.1
2022-11-12,10917.02,11165.76,10616.51,10935.52,2729.2
2022-11-13,10667.97,10872.94,10412.96,10708.68,4059.5
2022-11-14,10518.22,10641.51,10395.26,10510.58,4189.2
2022-11-15,10498.16,10728.06,10408.45,10456.61,383.7
2022-11-16,10251.34,10471.62,10083.23,10336.89,3083.3
2022-11-17,10172.05,10208.5,10034.61,10123.32,3537.3
2022-11-18,10597.62,10974.39,10445.97,10669.35,3936.6
2022-11-19,10552.0,10880.46,10320.52,10631.33,4443.4
2022-11-20,10469.92,10479.14,10353.13,10413.39,1432.7
2022-11-21,10962.91,10988.26,10767.23,10946.13,1864.6
2022-11-22,11185.57,11375.89,10973.39,11185.66,1350.1
2022-11-23,11648.85,11728.67,11426.29,11597.18,315.8
2022-11-24,12006.6,12094.69,11731.18,11920.08,1976.6
2022-11-25,12579.85,12788.5,12458.3,12490.55,3729.3
2022-11-26,13291.35,13441.34,13058.59,13312.82,3629.4
2022-11-27,13258.01,13492.01,13219.01,13291.82,978.8
2022-11-28,13563.55,13962.89,13462.91,13481.49,437.7
2022-11-29,13200.83,13330.45,12934.63,13110.41,139.0
2022-11-30,13116.66,13418.85,12842.75,13195.66,3151.3
2022-12-01,12595.59,12889.25,12291.57,12597.26,4512.2
2022-12-02,12800.0,12894.13,12354.08,12733.66,2109.2
2022-12-03,12868.11,13206.75,12762.51,12781.3,107.2
2022-12-04,13236.88,13574.03,13087.38,13195.36,609.4
2022-12-05,12862.58,12887.74,12861.41,12864.63,3587.1
2022-12-06,12702.4,13160.59,12663.26,12806.64,2646.8
2022-12-07,12799.29,12831.89,12334.94,12678.95,754.2
2022-12-08,12353.16,12380.89,12115.47,12274.61,2231.4
2022-12-09,12526.0,12705.11,12451.15,12586.16,3533.6
2022-12-10,12576.67,12696.67,12244.34,12517.75,466.0
2022-12-11,12766.28,12825.8,12425.19,12744.69,2383.7
2022-12-12,13465.44,13707.56,13451.15,13490.67,1117.4
2022-12-13,13260.41,13425.17,13135.52,13361.98,4149.3
2022-12-14,13762.61,13779.26,13641.15,13708.63,1706.2
2022-12-15,13976.83,14233.19,13841.47,14017.27,1374.8
2022-12-16,14362.0,14375.39,13968.3,14222.43,2315.8
2022-12-17,14211.35,14565.14,13844.61,14222.14,158.6
2022-12-18,13940.5,14351.42,13487.83,13848.99,4136.0
2022-12-19,13416.8,13651.19,13080.62,13378.09,4082.5
2022-12-20,13724.67,13884.01,13684.52,13857.2,2272.8
2022-12-21,14683.75,14829.8,14168.71,14587.66,2358.9
2022-12-22,15291.72,15658.97,15209.92,15393.94,2035.5
2022-12-23,16095.51,16305.89,15703.01,16201.53,1471.3
2022-12-24,16490.25,16507.39,16177.79,16364.75,1304.3
2022-12-25,16221.04,16250.71,15854.48,16204.61,772.5
2022-12-26,16669.84,17215.73,16432.7,16770.64,3190.7
2022-12-27,17279.52,17684.85,16783.02,17112.02,2768.1
2022-12-28,16102.97,16548.94,15862.58,16107.9,2003.1
2022-12-29,16231.89,16762.28,16124.05,16323.62,387.1
2022-12-30,16946.28,17215.44,16663.93,16781.31,4998.1
2022-12-31,17106.05,17242.83,16958.57,17052.55,4594.6
2023-01-01,16861.94,17521.6,16467.07,17013.05,4247.9
2023-01-02,17298.26,17736.89,16757.02,17181.7,3003.3
2023-01-03,16750.61,17101.18,16605.69,16648.65,238.2
2023-01-04,16241.79,16516.17,15826.12,16221.16,4941.2
2023-01-05,15027.25,15249.15,14604.29,14913.42,2503.1
2023-01-06,15152.58,15478.94,14698.31,15238.27,4597.7
2023-01-07,15359.08,15511.83,15228.65,15451.34,4602.0
2023-01-08,15572.64,15999.68,15533.97,15722.98,3894.4
2023-01-09,15430.2,15828.61,15305.87,15324.01,1930.6
2023-01-10,15705.06,15974.71,15298.2,15831.39,871.8
2023-01-11,15778.04,16152.85,15619.25,15637.71,3281.0
2023-01-12,16366.1,16822.15,16198.8,16302.98,1193.9
2023-01-13,17674.32,17767.3,17276.04,17642.93,3473.6
2023-01-14,18507.8,19034.55,18008.36,18343.15,4972.0
2023-01-15,19270.45,19289.17,18865.07,19092.81,4613.1
2023-01-16,19586.55,20136.94,19056.61,19560.9,3752.2
2023-01-17,19366.75,20042.54,18883.29,19468.77,4438.1
2023-01-18,20439.84,20983.53,20044.75,20383.13,1399.5
2023-01-19,20877.15,21024.93,20411.58,20982.26,629.4
2023-01-20,21814.79,22449.01,21638.58,21713.79,2516.1
2023-01-21,21673.64,22082.24,21089.38,21726.34,2449.5
2023-01-22,22541.61,22651.61,21833.48,22457.55,4244.2
2023-01-23,21515.72,21810.91,21484.52,21604.34,463.6
2023-01-24,22065.76,22427.89,21896.73,21963.85,556.2
2023-01-25,22666.86,23084.14,22273.23,22624.32,251.9
2023-01-26,23255.76,23365.37,22453.7,23075.88,1107.2
2023-01-27,22769.13,23390.4,22579.26,22911.19,3676.9
2023-01-28,22735.65,22889.65,22443.57,22855.62,4215.3
2023-01-29,23347.1,23764.47,22946.19,23509.98,1543.3
2023-01-30,22794.24,22949.69,22227.23,22931.98,1529.9
2023-01-31,21829.82,22571.12,21376.86,22013.89,2047.6
2023-02-01,20718.97,21230.79,20212.32,20889.79,4438.9
2023-02-02,20914.9,21250.11,20452.66,20969.67,2378.8
2023-02-03,20877.63,21537.61,20669.36,21062.29,520.0
2023-02-04,21577.52,21996.74,21558.56,21645.14,2989.7
2023-02-05,20410.05,20666.38,19998.29,20280.9,4347.8
2023-02-06,19827.31,20361.98,19515.78,19837.29,486.9
2023-02-07,20744.39,21304.77,20619.34,20743.52,3419.9
2023-02-08,20138.89,20211.56,19944.21,20090.56,947.1
2023-02-09,22104.99,22188.67,21589.41,21969.45,4942.6
2023-02-10,21746.11,22425.69,21502.92,21774.24,4187.1
2023-02-11,21877.52,21921.5,21299.48,21697.78,2047.0
2023-02-12,23290.63,23565.57,22912.03,23371.91,4380.0
2023-02-13,23649.71,23947.41,23223.78,23639.04,826.2
2023-02-14,22560.34,23073.62,22479.96,22520.73,4632.1
2023-02-15,22096.68,22548.22,21661.73,22191.62,2113.4
2023-02-16,22009.14,22382.11,21750.95,22060.74,283.6
2023-02-17,22046.74,22505.53,21364.56,21998.93,4458.9
2023-02-18,22353.61,22589.06,22183.11,22429.2,4612.1
2023-02-19,22705.8,22912.23,22075.46,22562.58,2508.9
2023-02-20,22561.28,22627.76,22384.72,22473.11,758.5
2023-02-21,23471.74,23661.45,22911.76,23319.78,3263.2
2023-02-22,23039.65,23331.38,22917.98,23184.35,3730.6
2023-02-23,23438.02,23800.33,22700.92,23288.5,1624.5
2023-02-24,21663.5,21751.66,21563.92,21660.55,4408.7
2023-02-25,22302.52,22862.52,21656.17,22155.0,2336.6
2023-02-26,22439.49,22913.84,21768.74,22253.44,4135.2
2023-02-27,20995.13,21173.66,20599.88,21154.27,3010.8
2023-02-28,20990.51,21678.45,20730.36,21126.74,1813.8
2023-03-01,22053.2,22508.94,21473.29,21943.94,1994.2
2023-03-02,23187.38,23745.54,23162.98,23344.76,4299.8
2023-03-03,22508.35,22890.58,21846.64,22612.78,3923.5
2023-03-04,21783.64,21789.45,21610.17,21667.68,3272.1
2023-03-05,21487.67,22116.17,21039.95,21594.61,4838.4
2023-03-06,21604.09,21878.77,21139.62,21542.59,1808.7
2023-03-07,21614.77,22149.29,21148.91,21538.44,601.3
2023-03-08,22395.28,22840.29,22284.86,22390.13,1933.7
2023-03-09,21663.46,21821.67,21055.04,21751.13,4943.0
2023-03-10,20982.75,21525.04,20460.12,20923.91,3584.4
2023-03-11,21261.52,21903.13,21197.54,21411.43,4046.6
2023-03-12,21149.81,21530.53,20808.58,21022.68,3435.7
2023-03-13,21043.55,21207.33,20472.8,20836.24,2002.5
2023-03-14,19611.29,20215.75,19359.51,19795.26,1030.6
2023-03-15,19742.73,20207.61,19673.73,19729.06,3392.2
2023-03-16,19253.37,19741.69,19158.52,19250.56,4394.8
2023-03-17,19240.13,19534.79,19129.51,19384.37,3838.3
2023-03-18,19544.66,20070.42,19155.11,19669.33,537.6
2023-03-19,18903.67,19425.55,18524.45,18976.88,1376.7
2023-03-20,19766.25,20354.85,19452.28,19848.0,4345.3
2023-03-21,18251.54,18900.62,17978.03,18409.41,4350.7
2023-03-22,17596.91,17796.54,17097.54,17638.66,4285.8
2023-03-23,17879.75,18218.26,17829.66,17912.28,2342.1
2023-03-24,18169.2,18627.7,18048.71,18236.16,2489.1
2023-03-25,18019.3,18021.85,17579.29,17970.96,3829.8
2023-03-26,17571.34,18094.25,17302.28,17688.58,3841.5
2023-03-27,18470.37,18693.89,18402.03,18421.19,1978.3
2023-03-28,18719.73,19007.45,18367.67,18894.42,169.0
2023-03-29,18237.9,18724.04,18033.65,18351.47,1319.2
2023-03-30,19524.92,19726.62,18941.38,19449.64,1979.4
2023-03-31,19229.92,19401.95,18699.68,19106.17,3666.4
2023-04-01,18934.56,19126.46,18834.62,18898.14,4977.8
2023-04-02,18069.41,18222.85,18041.27,18120.42,4599.2
2023-04-03,19228.51,19397.75,19071.13,19265.73,742.9
2023-04-04,19054.62,19392.56,18854.86,19181.61,283.1
2023-04-05,18433.5,18574.95,18040.35,18295.72,338.1
2023-04-06,19302.91,19314.34,19064.7,19243.81,2142.2
2023-04-07,19170.41,19531.93,18868.13,19216.43,850.3
2023-04-08,18826.68,19277.07,18636.05,18901.87,1422.9
2023-04-09,18067.13,18141.47,17937.44,18029.04,614.1
2023-04-10,17834.11,18030.16,17405.37,17972.86,1078.8
2023-04-11,17585.68,17946.75,17164.51,17669.44,3546.8
2023-04-12,17624.16,17735.27,17588.8,17625.45,1720.0
2023-04-13,17621.59,18157.23,17572.36,17798.6,4192.6
2023-04-14,17486.92,17902.14,17341.9,17631.47,596.3
2023-04-15,17245.85,17450.64,17239.99,17330.46,1550.5
2023-04-16,16953.45,17084.67,16592.63,17064.47,4027.8
2023-04-17,17066.39,17510.1,16603.04,17130.55,3815.2
2023-04-18,18318.98,18412.69,17907.39,18259.32,2244.8
2023-04-19,18665.39,19157.3,18113.35,18620.02,4093.3
2023-04-20,19070.34,19225.86,18547.41,18895.63,4268.3
2023-04-21,19628.99,20011.08,19393.07,19511.95,654.0
2023-04-22,19611.05,19704.83,19098.47,19439.03,2994.7
2023-04-23,19337.92,19731.48,18749.59,19221.72,1960.8
2023-04-24,19195.45,19678.33,19109.65,19124.89,740.2
2023-04-25,19418.16,19483.95,18916.16,19256.25,325.3
2023-04-26,19297.99,19690.47,19085.31,19219.35,2925.6
2023-04-27,19833.6,20415.46,19611.66,19807.85,1757.7
2023-04-28,18596.68,19120.64,18177.46,18748.45,1794.2
2023-04-29,18672.27,18887.87,18516.82,18606.67,2835.9
2023-04-30,18883.77,18972.67,18744.38,18829.77,4274.2
2023-05-01,18957.54,19000.12,18531.51,18818.5,1280.4
2023-05-02,18926.6,19399.46,18587.78,19032.15,1251.5
2023-05-03,18982.38,19454.6,18668.09,18997.93,4297.3
2023-05-04,18686.69,19053.97,18183.63,18687.67,2120.5
2023-05-05,18822.11,18822.21,18287.88,18800.63,3060.6
2023-05-06,18398.23,18512.4,18213.86,18395.16,4756.7
2023-05-07,17978.1,18056.72,17558.99,18027.37,2326.9
2023-05-08,17208.01,17556.7,17061.35,17217.26,658.7
2023-05-09,17000.91,17114.01,16579.0,16913.2,4166.4
2023-05-10,17405.61,17772.22,16899.92,17397.96,904.4
2023-05-11,17166.7,17662.9,17023.3,17291.04,624.1
2023-05-12,17143.28,17345.35,16720.17,16997.03,3929.0
2023-05-13,16828.8,16883.21,16461.82,16756.15,4640.5
2023-05-14,17263.02,17496.33,16993.64,17169.56,4785.3
2023-05-15,16371.02,16738.32,16140.37,16491.52,338.0
2023-05-16,17503.45,17776.44,17462.05,17509.43,968.3
2023-05-17,17078.54,17452.81,16605.87,17051.75,1998.3
2023-05-18,16061.1,16246.44,16049.9,16059.78,4588.0
2023-05-19,15458.07,15584.95,15360.58,15377.38,4855.4
2023-05-20,15080.2,15423.81,14966.39,15106.56,1564.7
2023-05-21,15254.92,15648.82,15062.36,15193.69,4684.0
2023-05-22,14995.85,15126.57,14664.9,14958.7,3394.6
2023-05-23,14845.28,15134.8,14685.35,14703.73,2569.1
2023-05-24,14440.57,14706.28,14215.46,14552.5,2896.1
2023-05-25,14181.99,14359.61,14027.83,14134.74,4222.8
2023-05-26,14010.16,14229.87,13517.13,13924.3,812.1
2023-05-27,14899.9,14989.26,14738.05,14849.34,888.6
2023-05-28,14863.99,15171.94,14451.58,14763.78,3792.6
2023-05-29,15008.62,15520.31,14604.5,15150.33,4353.4
2023-05-30,15158.02,15413.25,14739.86,15084.89,3943.1
2023-05-31,14119.31,14241.15,13894.16,14035.43,4639.8
2023-06-01,13228.02,13352.09,12927.26,13103.32,163.5
2023-06-02,13784.42,14111.22,13693.83,13853.31,4363.6
2023-06-03,14430.57,14710.94,14266.16,14371.75,2778.4
2023-06-04,13433.06,13745.84,13390.98,13405.34,1541.5
2023-06-05,13636.49,13793.95,13437.61,13722.4,1948.3
2023-06-06,14359.29,14619.96,13984.54,14379.85,2961.5
2023-06-07,14430.22,14497.24,14005.12,14369.95,1680.9
2023-06-08,14691.46,15239.3,14522.04,14824.63,3343.3
2023-06-09,14113.5,14486.58,13824.68,14153.67,1177.8
2023-06-10,14106.49,14225.28,13897.07,14196.25,2138.1
2023-06-11,13910.16,14077.69,13631.35,13988.16,1867.9
2023-06-12,13864.26,14257.59,13668.98,13942.77,4983.5
2023-06-13,14418.09,14853.35,14178.32,14561.13,4532.0
2023-06-14,13310.77,13558.8,13264.2,13280.57,3444.5
2023-06-15,12952.89,13102.84,12661.55,12838.63,1485.9
2023-06-16,13857.84,14199.62,13487.03,13744.76,4033.8
2023-06-17,13721.61,13800.86,13414.64,13613.17,4746.2
2023-06-18,13574.21,14057.14,13386.06,13665.12,135.9
2023-06-19,14400.66,14774.34,14074.89,14322.29,609.2
2023-06-20,14636.24,14944.81,14614.77,14625.2,3898.5
2023-06-21,13963.98,14028.39,13669.94,13895.36,1725.4
2023-06-22,12874.67,13002.9,12795.19,12981.76,2834.6
2023-06-23,12633.36,12842.42,12493.21,12694.64,2221.8
2023-06-24,12432.23,12807.1,12258.74,12553.53,3243.0
2023-06-25,12034.72,12287.77,11679.88,12014.15,4647.4
2023-06-26,11448.76,11812.08,11208.8,11539.66,523.9
2023-06-27,11560.35,11814.28,11377.92,11584.65,2714.0
2023-06-28,11073.94,11285.91,11006.66,11155.06,2774.0
2023-06-29,11409.71,11722.62,11299.48,11369.4,3673.7
2023-06-30,11289.07,11640.16,11137.86,11317.79,2819.8
2023-07-01,11371.56,11554.81,11331.57,11349.62,1593.0
2023-07-02,11437.44,11747.47,11156.89,11380.92,2122.0
2023-07-03,11018.64,11167.35,10964.01,11093.87,1052.2
2023-07-04,10659.37,10985.09,10612.12,10727.73,4271.8
2023-07-05,11821.72,12025.98,11570.15,11830.89,430.1
2023-07-06,11194.84,11531.19,11022.62,11285.53,1721.2
2023-07-07,11594.84,11905.57,11560.1,11688.34,1657.2
2023-07-08,12110.62,12346.73,11858.36,12122.58,2962.4
2023-07-09,11712.82,11907.06,11363.13,11756.0,1306.3
2023-07-10,11538.06,11860.2,11342.88,11602.68,4216.5
2023-07-11,12135.77,12304.28,11813.02,12044.74,1596.8
2023-07-12,12573.23,12639.53,12412.02,12560.25,4224.8
2023-07-13,12726.23,12826.73,12673.05,12716.41,474.7
2023-07-14,12424.21,12537.62,12240.52,12530.62,252.9
2023-07-15,12167.12,12497.93,11981.87,12145.25,2763.0
2023-07-16,12054.73,12225.46,11855.18,11935.67,1892.5
2023-07-17,12115.44,12221.21,11865.54,12059.19,2601.0
2023-07-18,12752.17,12971.06,12623.12,12778.55,4255.1
2023-07-19,12910.18,13197.51,12695.7,12997.04,977.8
2023-07-20,12523.83,12771.58,12400.43,12412.44,3706.0
2023-07-21,11941.26,12184.47,11605.54,12008.79,1910.2
2023-07-22,11943.18,12128.16,11910.12,12053.39,1870.1
2023-07-23,11495.62,11942.13,11262.51,11600.86,3548.3
2023-07-24,11694.01,11985.07,11631.11,11689.02,1390.2
2023-07-25,11484.62,11610.48,11330.36,11449.43,4193.8
2023-07-26,11388.54,11517.12,11353.06,11384.74,2630.2
2023-07-27,10902.47,11063.07,10773.02,10905.34,2559.0
2023-07-28,11438.2,11578.63,11121.51,11521.39,3253.0
2023-07-29,11555.03,11836.3,11249.4,11586.96,1228.7
2023-07-30,11917.44,12174.95,11659.5,11843.73,2446.2
2023-07-31,11986.75,11994.82,11565.55,11907.36,2910.1
2023-08-01,12068.24,12380.06,11720.38,12150.59,2904.1
2023-08-02,12383.13,12821.15,12234.29,12462.88,2861.7
2023-08-03,12461.51,12854.27,12335.05,12582.65,1488.9
2023-08-04,13127.38,13468.94,12675.8,12999.26,4168.8
2023-08-05,13284.85,13601.54,13186.7,13258.11,991.2
2023-08-06,13125.1,13260.03,12852.27,13066.51,2993.9
2023-08-07,12699.18,12915.82,12359.57,12768.17,1091.5
2023-08-08,13087.43,13167.27,12732.62,13108.46,2431.8
2023-08-09,12721.79,12736.69,12610.36,12692.66,2566.3
2023-08-10,12976.78,13310.12,12909.63,13073.43,4495.1
2023-08-11,13504.57,13767.6,13238.15,13430.73,1914.8
2023-08-12,13915.19,14327.63,13827.34,13990.88,1968.1
2023-08-13,14182.45,14497.89,14055.96,14157.24,3513.9
2023-08-14,14372.06,14478.93,14311.29,14378.64,1488.0
2023-08-15,14647.95,14827.53,14184.69,14538.4,3574.8
2023-08-16,14594.23,14709.81,14442.98,14706.64,3470.1
2023-08-17,14003.8,14208.31,13648.71,14055.55,3292.7
2023-08-18,14016.25,14191.69,13711.63,14037.71,3435.0
2023-08-19,15083.7,15270.69,14909.83,15007.17,2464.1
2023-08-20,14481.86,14687.41,14197.01,14553.53,3556.9
2023-08-21,15100.63,15487.96,14876.13,15029.76,3764.3
2023-08-22,14167.75,14356.01,13912.97,14264.24,1758.3
2023-08-23,14538.07,14842.09,14395.63,14523.38,887.6
2023-08-24,14459.57,14642.36,14427.41,14578.8,2233.3
2023-08-25,14444.53,14668.52,14045.88,14571.57,285.0
2023-08-26,13506.85,13717.96,13359.54,13476.13,3027.6
2023-08-27,14512.81,14869.92,14229.35,14384.58,2251.0
2023-08-28,14697.72,14823.83,14185.39,14608.93,3037.6
2023-08-29,15331.87,15438.43,14945.14,15327.02,276.7
2023-08-30,15227.44,15791.0,15126.79,15332.49,1830.3
2023-08-31,15317.73,15619.81,15096.12,15349.92,3710.9
2023-09-01,15499.62,15954.21,15460.1,15566.71,1805.7
2023-09-02,15815.56,15946.75,15485.31,15670.36,1053.2
2023-09-03,16245.64,16523.01,15810.16,16323.63,454.7
2023-09-04,15943.25,16463.95,15849.0,16009.13,4787.9
2023-09-05,16769.77,17119.01,16727.64,16744.69,2859.5
2023-09-06,16082.36,16447.82,15977.39,15995.99,2348.4
2023-09-07,15134.54,15332.26,14711.18,15278.97,3204.9
2023-09-08,15610.04,15927.04,15100.16,15457.26,1647.1
2023-09-09,15930.97,16490.39,15571.69,16088.73,555.7
2023-09-10,15961.24,16354.4,15465.08,15905.98,4663.8
2023-09-11,15517.8,15643.06,15371.96,15396.38,3447.2
2023-09-12,15601.75,15835.31,15103.33,15474.88,3703.6
2023-09-13,15642.93,15854.36,15463.94,15736.48,864.4
2023-09-14,15350.67,15899.5,15201.37,15472.38,3350.8
2023-09-15,14794.27,14813.03,14552.42,14782.0,3141.3
2023-09-16,14207.51,14629.73,14163.61,14209.68,4357.0
2023-09-17,12888.11,12996.47,12483.48,12781.77,2925.7
2023-09-18,12745.44,13168.47,12545.97,12860.11,2749.8
2023-09-19,12460.0,12525.34,12404.99,12413.74,3521.4
2023-09-20,12400.79,12667.31,12033.16,12410.7,1132.7
2023-09-21,12105.09,12199.4,11914.27,12077.84,1262.0
2023-09-22,11891.86,12117.53,11665.65,11898.68,2544.0
2023-09-23,12030.22,12370.15,11770.23,12061.02,981.5
2023-09-24,12606.59,12919.7,12314.84,12700.28,589.4
2023-09-25,12646.17,12808.04,12322.12,12663.34,4799.8
2023-09-26,12898.59,13303.6,12579.97,12989.64,2548.0
2023-09-27,13882.54,14182.64,13788.45,13877.82,1570.2
2023-09-28,13872.85,14109.17,13605.57,13855.63,3483.7
2023-09-29,14679.58,14963.98,14437.3,14686.47,1739.8
2023-09-30,14996.22,15290.84,14965.56,15038.04,1362.8
2023-10-01,15420.54,15866.09,14940.2,15308.07,2921.9
2023-10-02,15392.29,15472.89,15245.38,15346.52,1840.0
2023-10-03,15134.17,15538.09,14783.22,15062.91,1504.0
2023-10-04,14565.74,14629.03,14164.68,14527.47,4057.8
2023-10-05,14177.26,14538.31,13762.57,14156.98,893.8
2023-10-06,14678.05,14898.57,14366.0,14758.27,1410.6
2023-10-07,14494.13,14885.7,14217.22,14510.12,2975.9
2023-10-08,14327.97,14505.92,13848.24,14195.8,213.2
2023-10-09,14222.37,14521.34,13709.1,14098.18,917.9
2023-10-10,13276.43,13408.3,13228.11,13382.69,2787.3
2023-10-11,13924.79,13959.57,13544.9,13851.38,860.8
2023-10-12,13979.1,14350.44,13647.21,13935.95,1312.2
2023-10-13,13692.54,14141.27,13293.5,13794.27,3351.4
2023-10-14,14564.63,14706.72,14233.16,14460.41,4877.4
2023-10-15,14058.64,14483.53,13931.11,14074.16,967.5
2023-10-16,14006.57,14271.73,13826.57,13979.29,2863.5
2023-10-17,13241.52,13430.56,13058.66,13292.12,4043.1
2023-10-18,13183.16,13343.34,12890.42,13198.5,1587.5
2023-10-19,14149.39,14295.36,13827.85,14051.6,140.8
2023-10-20,14175.01,14577.7,13835.83,14056.34,144.7
2023-10-21,13615.86,13692.42,13360.01,13689.45,2117.5
2023-10-22,13879.21,14043.58,13514.45,13862.43,3711.9
2023-10-23,13438.58,13673.62,13132.0,13502.58,3846.2
2023-10-24,13914.14,14251.24,13670.42,13800.99,1494.9
2023-10-25,13742.11,14118.56,13405.05,13766.09,1519.0
2023-10-26,12929.94,13169.56,12613.07,12894.64,3151.5
2023-10-27,12816.05,13140.1,12503.06,12932.54,601.1
2023-10-28,12959.15,13298.59,12853.06,13019.25,1240.8
2023-10-29,13291.59,13458.38,13211.63,13333.74,4990.0
2023-10-30,13769.53,14106.7,13492.87,13779.54,4233.4
2023-10-31,14016.81,14046.83,13718.38,13939.96,1041.7
2023-11-01,13989.48,14332.47,13822.98,13894.57,697.6
2023-11-02,14016.23,14202.49,13830.87,13940.6,264.2
2023-11-03,13567.34,13892.03,13372.43,13577.97,4912.4
2023-11-04,12825.3,12998.45,12682.62,12873.68,306.7
2023-11-05,13107.01,13311.84,12702.28,12993.34,3228.7
2023-11-06,13394.97,13482.49,12944.36,13298.25,3201.3
2023-11-07,14175.23,14296.57,13867.39,14225.15,686.3
2023-11-08,14115.16,14580.49,13892.96,14245.66,3021.4
2023-11-09,14148.67,14223.24,13791.15,14185.16,547.9
2023-11-10,13478.84,13731.62,12969.74,13346.19,3258.4
2023-11-11,12668.6,12969.4,12286.89,12617.8,1240.1
2023-11-12,13463.71,13789.07,13169.39,13394.94,1045.5
2023-11-13,13354.37,13497.86,12958.67,13304.02,4503.4
2023-11-14,12758.04,13078.52,12447.93,12810.63,1014.5
2023-11-15,12819.65,13141.37,12540.95,12858.83,4173.6
2023-11-16,13239.21,13416.47,12959.47,13354.36,1390.4
2023-11-17,13019.41,13054.39,12878.03,13054.1,1957.3
2023-11-18,13186.46,13493.45,12794.03,13093.02,3632.9
2023-11-19,13220.55,13434.31,12936.67,13178.83,2667.9
2023-11-20,12627.24,12749.45,12463.03,12598.76,641.3
2023-11-21,12616.99,12642.23,12548.78,12611.13,735.9
2023-11-22,12818.89,12860.63,12653.92,12822.64,4197.9
2023-11-23,12651.07,12850.64,12498.24,12611.24,1354.1
2023-11-24,12108.01,12553.64,11820.59,12212.82,2507.9
2023-11-25,12749.4,12779.98,12575.26,12650.78,397.4
2023-11-26,11658.7,11807.63,11556.72,11678.33,4135.9
2023-11-27,11284.83,11351.76,10970.11,11337.93,1589.1
2023-11-28,12190.96,12557.35,12019.67,12289.98,1028.4
2023-11-29,11926.8,12015.81,11786.57,11920.56,976.6
2023-11-30,11827.89,12150.36,11600.07,11921.95,2347.7
2023-12-01,11531.3,11836.7,11206.03,11493.32,983.9
2023-12-02,11122.79,11534.81,10936.93,11199.35,1826.4
2023-12-03,11366.79,11748.31,11136.49,11408.97,1921.4
2023-12-04,11501.83,11711.77,11300.05,11450.11,1148.2
2023-12-05,11088.54,11396.63,10783.1,11029.92,4812.1
2023-12-06,10714.09,11030.03,10536.47,10665.82,2636.3
2023-12-07,10897.14,10995.82,10564.16,10790.66,1187.2
2023-12-08,10912.48,11138.28,10607.15,10842.67,2812.9
2023-12-09,10795.47,11095.34,10509.88,10783.33,284.9
2023-12-10,10631.29,10845.79,10386.66,10659.63,4074.3
2023-12-11,10734.88,10953.04,10708.43,10823.22,3697.9
2023-12-12,10645.29,10980.82,10546.16,10715.39,2923.5
2023-12-13,10144.26,10325.41,9851.03,10062.22,3680.9
2023-12-14,9850.62,10168.75,9657.92,9938.9,4104.0
2023-12-15,9860.53,10134.17,9822.01,9877.02,1210.9
2023-12-16,9516.81,9834.87,9340.51,9610.72,1593.4
2023-12-17,9154.64,9389.08,8921.08,9239.42,2561.8
2023-12-18,9304.08,9413.74,9107.16,9261.19,3016.1
2023-12-19,9367.47,9429.88,9167.02,9366.59,2032.2
2023-12-20,9474.7,9488.72,9290.65,9461.18,516.9
2023-12-21,9565.85,9787.92,9315.95,9565.5,760.9
2023-12-22,9235.67,9290.0,9101.56,9207.64,3704.8
2023-12-23,9028.63,9094.19,8968.17,9074.69,1684.7
2023-12-24,9231.29,9348.58,9019.83,9199.69,1671.6
2023-12-25,9155.6,9162.25,8947.85,9138.44,4939.5
2023-12-26,8407.02,8453.57,8166.13,8416.75,4109.0
2023-12-27,7774.9,7909.6,7718.39,7821.88,4278.5
2023-12-28,7964.87,8186.31,7862.91,7893.99,4118.7
2023-12-29,7879.02,8122.0,7668.95,7956.4,2305.3
2023-12-30,8153.73,8203.58,8031.01,8147.53,1367.4
2023-12-31,8175.02,8356.87,7964.43,8177.79,3523.9
2024-01-01,8584.28,8595.48,8343.32,8556.29,1491.7
2024-01-02,8654.29,8814.73,8360.09,8604.52,3308.3
2024-01-03,8864.72,9133.1,8774.33,8905.46,4335.0
2024-01-04,8838.47,9156.54,8745.51,8924.31,1232.7
2024-01-05,8233.92,8378.94,8201.01,8300.39,2704.6
2024-01-06,8789.87,8978.2,8646.94,8845.35,4639.1
2024-01-07,9084.63,9175.54,8914.06,9079.28,869.3
2024-01-08,9086.33,9210.48,8984.17,9114.26,1257.4
2024-01-09,9548.95,9728.22,9455.21,9489.75,4463.0
2024-01-10,9498.65,9507.05,9313.18,9439.21,1472.9
2024-01-11,9881.01,9907.04,9667.54,9850.1,4807.0
2024-01-12,10476.07,10672.66,10210.3,10452.56,1277.8
2024-01-13,11103.21,11212.89,10861.72,11012.96,1113.1
2024-01-14,11768.79,12047.0,11698.21,11854.48,4326.7
2024-01-15,11628.66,11675.84,11621.62,11623.13,4881.3
2024-01-16,12132.49,12561.24,12102.32,12219.21,1655.7
2024-01-17,11161.93,11354.94,11121.63,11247.77,3662.7
2024-01-18,10970.94,11260.62,10721.17,10913.01,2115.1
2024-01-19,10162.24,10446.76,9863.1,10082.76,3917.6
2024-01-20,10292.41,10431.49,10219.06,10374.0,3098.7
2024-01-21,10271.85,10399.36,10175.51,10327.43,1860.4
2024-01-22,10836.22,10991.16,10634.42,10795.6,3063.1
2024-01-23,10787.84,10946.89,10435.22,10712.4,1047.0
2024-01-24,10266.08,10600.72,9962.72,10363.03,1422.3
2024-01-25,9951.98,10178.22,9579.62,9855.74,4642.8
2024-01-26,10252.5,10519.21,9998.51,10153.88,1692.0
2024-01-27,9880.0,9911.25,9801.55,9898.83,1963.8
2024-01-28,9933.25,10153.47,9856.51,9970.56,3009.6
2024-01-29,9322.94,9468.56,9117.24,9269.75,4152.3
2024-01-30,9084.02,9441.81,8952.86,9167.92,2038.5
2024-01-31,9135.48,9308.32,8872.06,9132.53,1526.8
2024-02-01,8710.97,8808.52,8665.92,8728.77,2360.6
2024-02-02,8284.86,8488.98,8071.67,8359.33,4166.5
2024-02-03,8542.34,8735.97,8315.07,8550.6,3915.8
2024-02-04,8914.79,9091.71,8767.93,8980.29,976.5
2024-02-05,8814.2,9002.64,8587.65,8798.3,2327.9
2024-02-06,8872.37,9084.37,8726.34,8800.7,705.4
2024-02-07,9204.3,9400.94,9028.39,9275.88,2666.7
2024-02-08,8851.97,9104.19,8684.94,8849.9,1965.0
2024-02-09,9266.85,9520.46,9097.24,9217.39,3331.7
2024-02-10,9540.38,9807.17,9374.26,9602.05,1616.6
2024-02-11,10207.71,10344.37,10039.38,10153.16,676.0
2024-02-12,10343.57,10422.11,10150.7,10318.28,4291.5
2024-02-13,10509.42,10511.23,10463.33,10500.28,1265.6
2024-02-14,10130.97,10173.39,10009.43,10149.21,1299.1
2024-02-15,9947.81,10132.77,9806.48,9938.4,4143.7
2024-02-16,10160.25,10171.44,10084.78,10129.2,3368.3
2024-02-17,10261.91,10353.79,10168.66,10193.01,340.3
2024-02-18,10036.69,10220.69,9909.7,10002.26,3015.3
2024-02-19,10172.72,10226.87,9949.33,10114.6,2936.9
2024-02-20,10218.69,10373.32,10028.3,10259.88,431.6
2024-02-21,10181.87,10365.08,9965.86,10196.69,759.3
2024-02-22,10107.74,10266.83,10010.09,10102.28,3099.1
2024-02-23,9762.19,10054.47,9653.53,9839.07,4937.2
2024-02-24,9399.59,9677.71,9119.45,9318.72,3083.3
2024-02-25,9338.17,9520.3,9336.78,9372.57,1833.9
2024-02-26,9668.54,9851.81,9517.59,9664.74,981.5
2024-02-27,10006.07,10218.78,9978.01,9984.22,107.7
2024-02-28,10391.39,10737.82,10328.91,10471.41,4995.0
2024-02-29,10533.53,10657.33,10394.62,10551.67,3223.8
2024-03-01,10754.57,11057.81,10531.23,10801.74,2582.8
2024-03-02,10784.84,10824.95,10683.19,10822.96,1772.7
2024-03-03,10641.09,10798.86,10427.37,10742.26,1755.9
2024-03-04,10267.31,10549.51,10169.78,10232.01,3263.7
2024-03-05,9811.73,9969.79,9541.21,9735.4,3941.5
2024-03-06,9776.99,10012.03,9728.62,9793.84,1566.8
2024-03-07,9757.02,9817.98,9658.03,9750.03,4017.7
2024-03-08,9532.9,9634.02,9450.86,9459.49,1474.3
2024-03-09,10419.89,10683.22,10259.82,10393.59,2008.9
2024-03-10,10619.91,10895.37,10520.72,10599.73,3555.8
2024-03-11,10547.62,10723.38,10306.39,10565.82,2314.3
2024-03-12,10751.21,10820.92,10432.14,10655.15,649.9
2024-03-13,10888.51,11033.47,10483.33,10799.23,2465.0
2024-03-14,10162.65,10220.64,10139.36,10162.64,3689.0
2024-03-15,9489.41,9807.57,9438.78,9557.6,4696.3
2024-03-16,9508.42,9546.28,9396.65,9474.94,2350.9
2024-03-17,9293.48,9649.12,9206.23,9386.57,3012.0
2024-03-18,8926.05,9126.44,8670.62,9000.38,2650.8
2024-03-19,8869.23,8952.28,8826.84,8855.5,1672.3
2024-03-20,8579.46,8704.19,8404.22,8632.54,2261.5
2024-03-21,8722.45,8766.13,8623.78,8762.12,2618.9
2024-03-22,8830.12,8975.6,8649.58,8882.25,793.6
2024-03-23,8768.16,8831.97,8666.43,8813.14,1759.8
2024-03-24,8564.65,8607.77,8428.66,8574.31,3409.9
2024-03-25,8642.66,8701.86,8537.94,8655.39,3004.5
2024-03-26,8778.83,8963.02,8619.82,8720.2,1631.0
2024-03-27,8951.56,9094.83,8914.03,8921.07,3803.1
2024-03-28,8468.29,8507.61,8420.75,8474.1,4606.5
2024-03-29,8186.14,8360.56,8025.24,8156.05,1235.3
2024-03-30,8175.41,8433.19,8081.46,8220.83,4573.0
2024-03-31,7901.79,8088.77,7847.99,7875.77,2321.1
2024-04-01,8069.79,8262.49,7912.78,8146.32,2360.1
2024-04-02,8398.9,8431.0,8155.83,8381.39,4106.0
2024-04-03,8876.88,8963.66,8731.7,8824.5,3982.9
2024-04-04,8506.39,8679.86,8391.03,8521.14,4872.1
2024-04-05,8442.37,8548.52,8395.24,8462.03,2995.8
2024-04-06,8581.34,8721.52,8336.79,8532.31,3346.8
2024-04-07,8153.56,8452.61,8049.4,8222.98,2484.5
2024-04-08,7965.63,8162.07,7760.22,7956.87,4783.8
2024-04-09,7722.28,7814.74,7679.21,7789.33,3879.6
2024-04-10,7585.31,7605.91,7519.59,7561.09,4447.6
2024-04-11,7839.16,7988.76,7543.19,7776.44,819.0
2024-04-12,7959.49,8115.35,7767.43,7977.04,3439.4
2024-04-13,8226.21,8397.75,8204.79,8256.49,1592.3
2024-04-14,8630.78,8719.92,8314.72,8548.27,139.8
2024-04-15,8521.55,8624.88,8218.56,8439.44,1541.5
2024-04-16,8114.99,8360.95,8071.35,8188.17,1860.3
2024-04-17,8516.52,8737.7,8261.44,8455.43,3540.9
2024-04-18,8234.72,8348.55,8122.35,8254.07,3346.2
2024-04-19,8408.18,8459.91,8252.95,8412.41,4630.0
2024-04-20,8590.86,8763.55,8285.31,8506.23,451.6
2024-04-21,8282.24,8544.23,8154.7,8363.25,2240.0
2024-04-22,8512.79,8618.99,8350.12,8488.64,3965.7
2024-04-23,8501.23,8609.8,8274.77,8483.52,2596.1
2024-04-24,8154.9,8224.16,8058.16,8178.57,2931.9
2024-04-25,8136.51,8194.3,7959.68,8080.47,2113.1
2024-04-26,7898.57,8033.2,7754.47,7823.74,654.5
2024-04-27,7748.33,7911.75,7548.91,7751.19,3683.3
2024-04-28,8575.18,8694.79,8291.81,8527.62,4460.6
2024-04-29,8372.51,8561.65,8307.63,8442.0,4806.0
2024-04-30,8866.44,8949.56,8563.43,8813.89,1783.4
2024-05-01,9072.78,9200.4,8890.61,9022.52,2399.2
2024-05-02,9074.54,9291.85,8799.97,8991.71,273.1
2024-05-03,8740.4,8936.91,8596.1,8667.09,2862.2
2024-05-04,8928.38,9001.79,8925.8,8987.87,4063.6
2024-05-05,9147.3,9226.01,8873.46,9124.61,2577.4
2024-05-06,9212.49,9358.93,9173.21,9280.7,169.6
2024-05-07,9002.37,9120.38,8892.12,9072.86,840.6
2024-05-08,8490.18,8710.26,8358.99,8530.92,4016.9
2024-05-09,8774.94,8865.19,8472.57,8711.87,810.8
2024-05-10,8875.22,9140.51,8814.08,8875.94,1265.9
2024-05-11,8795.58,8974.55,8587.35,8806.11,3698.4
2024-05-12,8603.92,8633.86,8346.41,8560.18,2053.8
2024-05-13,8882.51,9117.56,8816.54,8917.94,2709.4
2024-05-14,8560.85,8602.5,8527.53,8565.2,158.1
2024-05-15,8965.08,9085.79,8803.39,8889.13,4812.6
2024-05-16,8928.91,9099.66,8843.29,8854.93,2215.8
2024-05-17,8849.12,9076.99,8600.67,8775.75,1408.7
2024-05-18,9123.51,9355.49,9054.83,9143.41,3698.1
2024-05-19,9432.94,9488.1,9229.06,9416.23,3482.4
2024-05-20,9629.16,9869.41,9311.56,9596.0,578.7
2024-05-21,9902.48,10115.09,9670.59,9981.55,1488.2
2024-05-22,9929.63,10293.2,9827.34,10011.33,4193.7
2024-05-23,10177.1,10371.91,9997.89,10086.22,687.9
2024-05-24,10236.64,10513.0,10071.88,10204.72,4839.1
2024-05-25,10139.63,10351.24,9834.61,10059.95,2388.1
2024-05-26,10614.57,10702.58,10344.64,10525.58,4526.6
2024-05-27,10379.26,10479.96,10063.99,10323.54,462.6
2024-05-28,10352.03,10405.51,10338.24,10386.8,1396.9
2024-05-29,10026.01,10186.02,10004.53,10037.94,3090.5
2024-05-30,10145.89,10454.33,9907.99,10218.68,3252.4
2024-05-31,10684.11,10913.41,10311.6,10596.66,457.3
2024-06-01,10334.76,10624.22,10070.87,10345.96,3237.6
2024-06-02,10318.42,10524.15,10004.73,10229.85,3530.3
2024-06-03,10622.76,10922.29,10457.23,10619.49,2236.7
2024-06-04,10419.76,10663.88,10281.92,10348.55,2746.6
2024-06-05,11322.33,11486.07,11104.71,11250.78,4681.7
2024-06-06,11242.66,11505.09,11040.5,11274.47,3198.1
2024-06-07,11452.1,11782.24,11128.47,11444.17,2352.2
2024-06-08,11463.7,11686.48,11121.26,11402.93,292.7
2024-06-09,11256.26,11558.98,11088.08,11212.33,1860.4
2024-06-10,11291.14,11601.82,11201.49,11385.67,785.7
2024-06-11,11633.13,11803.87,11285.14,11611.55,2748.7
2024-06-12,12175.25,12418.03,12114.71,12222.25,2301.6
2024-06-13,12233.82,12635.13,11882.52,12343.41,679.1
2024-06-14,12419.83,12668.47,12143.43,12344.01,3422.6
2024-06-15,12540.28,12888.2,12158.65,12520.41,793.8
2024-06-16,12385.34,12560.43,12316.99,12347.35,324.4
2024-06-17,12201.69,12300.61,11948.14,12282.2,3989.1
2024-06-18,12058.5,12130.88,11910.56,12069.07,4107.2
2024-06-19,12536.08,12619.03,12388.41,12461.51,2188.4
2024-06-20,12861.71,13240.69,12658.75,12782.07,1688.8
2024-06-21,13268.25,13700.57,13185.89,13365.2,3844.7
2024-06-22,13301.31,13435.19,12926.39,13276.6,792.1
2024-06-23,12676.27,12843.09,12634.51,12662.74,299.4
2024-06-24,12910.14,13345.1,12760.04,13014.26,3910.5
2024-06-25,13408.19,13614.78,13041.8,13541.89,3293.6
2024-06-26,13704.88,13876.01,13521.07,13599.65,3885.6
2024-06-27,13526.85,13739.12,13251.19,13489.13,4696.6
2024-06-28,13222.34,13237.26,12868.62,13193.17,2549.4
2024-06-29,13892.5,14037.48,13401.89,13814.42,1254.6
2024-06-30,13505.78,13826.37,13139.38,13609.89,1873.3
2024-07-01,13578.76,13971.01,13439.98,13655.43,1454.5
2024-07-02,12985.56,13377.84,12862.94,13065.6,4846.0
2024-07-03,12831.87,12848.47,12652.11,12788.36,1496.8
2024-07-04,12820.05,12965.56,12745.11,12836.82,3816.2
2024-07-05,13666.55,13738.66,13464.2,13551.4,2476.8
2024-07-06,13659.18,14134.5,13545.02,13764.88,3004.3
2024-07-07,13669.84,13803.4,13531.34,13621.66,1698.0
2024-07-08,13795.85,14215.46,13742.0,13907.65,1940.1
2024-07-09,14008.14,14386.84,13648.81,14012.51,4646.6
2024-07-10,14547.68,14729.98,14170.78,14560.79,3627.1
2024-07-11,13546.45,13679.62,13421.37,13627.62,392.3
2024-07-12,12581.07,12997.0,12376.72,12673.2,938.9
2024-07-13,12189.07,12477.79,12031.76,12163.86,3096.5
2024-07-14,12821.17,13282.0,12765.4,12906.37,523.7
2024-07-15,13367.49,13604.73,13171.54,13236.27,1467.9
2024-07-16,12879.02,13163.46,12530.31,12820.05,1703.8
2024-07-17,12015.12,12068.82,11839.73,11993.1,124.9
2024-07-18,11683.96,11698.0,11389.04,11572.82,3866.2
2024-07-19,12058.73,12352.54,11994.08,12063.73,2317.0
2024-07-20,12113.12,12380.32,11754.24,12176.32,3685.8
2024-07-21,12345.6,12637.08,12008.84,12396.23,2450.9
2024-07-22,12280.19,12588.43,12227.85,12328.31,3761.7
2024-07-23,12871.32,13208.88,12573.35,12801.73,3970.3
2024-07-24,12847.59,13060.39,12706.29,12880.98,4315.9
2024-07-25,13700.34,13759.77,13464.38,13746.27,1422.0
2024-07-26,14314.51,14547.45,14100.45,14187.93,3959.7
2024-07-27,15157.92,15182.84,15062.04,15086.78,3405.8
2024-07-28,15742.99,15795.4,15324.45,15621.77,3133.8
2024-07-29,15419.18,15450.18,15266.78,15401.07,1103.1
2024-07-30,15806.6,15919.76,15239.57,15655.91,2444.6
2024-07-31,16480.31,16584.03,16205.45,16330.37,1204.6
2024-08-01,16007.04,16183.1,15853.48,16054.33,1458.0
2024-08-02,16531.25,16797.08,16096.17,16535.81,3578.1
2024-08-03,16807.0,17075.67,16391.7,16747.28,3142.7
2024-08-04,17294.4,17782.56,16706.44,17188.24,4470.3
2024-08-05,15800.22,15851.57,15751.85,15813.54,1513.0
2024-08-06,16002.8,16411.0,15761.0,16074.84,4387.5
2024-08-07,16013.4,16314.74,15667.35,16006.77,4850.9
2024-08-08,15675.28,15932.86,15508.19,15723.49,1528.4
2024-08-09,15516.0,16062.2,15158.66,15652.82,4742.5
2024-08-10,15262.59,15607.47,14954.12,15310.73,3007.5
2024-08-11,14938.46,15315.76,14632.23,14879.87,1590.0
2024-08-12,15403.49,15626.23,15165.16,15505.28,4856.5
2024-08-13,16303.64,16326.78,15901.46,16216.15,2334.0
2024-08-14,16939.08,17084.03,16854.06,16867.62,4212.7
2024-08-15,18102.06,18463.93,17574.57,18032.51,1265.7
2024-08-16,18431.61,18715.42,17980.68,18570.34,2856.2
2024-08-17,18546.71,18898.93,18181.63,18720.93,1927.3
2024-08-18,18275.56,18855.04,17949.1,18348.38,2547.1
2024-08-19,18129.55,18509.96,17759.83,18259.05,121.0
2024-08-20,18077.54,18522.63,17792.23,18138.75,1520.2
2024-08-21,16564.43,17051.77,16208.67,16418.63,820.7
2024-08-22,15257.45,15590.94,15134.62,15275.13,4510.9
2024-08-23,14708.67,15060.4,14403.35,14815.52,2068.0
2024-08-24,15001.27,15149.51,14839.85,15124.54,2958.8
2024-08-25,14563.66,15056.13,14248.18,14645.04,210.5
2024-08-26,14157.36,14194.47,13902.31,14108.95,1052.8
2024-08-27,13934.04,14238.88,13910.38,13985.01,4551.4
2024-08-28,13908.96,14063.2,13551.37,13811.23,1494.8
2024-08-29,13983.27,14436.26,13930.54,14024.97,529.2
2024-08-30,14092.87,14432.66,13657.56,13955.38,4047.8
2024-08-31,13561.67,13734.11,13393.54,13435.28,783.9
2024-09-01,13191.44,13457.92,13139.01,13268.99,4934.5
2024-09-02,13056.06,13549.7,12960.53,13170.35,533.4
2024-09-03,12292.13,12518.5,12185.28,12313.19,3800.7
2024-09-04,12738.45,12903.23,12502.19,12831.63,2813.9
2024-09-05,13737.62,13862.87,13465.88,13646.3,2370.9
2024-09-06,13753.35,13885.76,13449.13,13884.74,4784.5
2024-09-07,14210.04,14590.59,13918.76,14166.46,2510.2
2024-09-08,13738.05,13838.92,13325.04,13686.63,1458.4
2024-09-09,13936.76,14179.71,13687.9,13868.65,4354.9
2024-09-10,13901.89,14100.43,13739.2,13866.39,686.0
2024-09-11,13328.81,13393.93,12863.51,13237.39,1666.4
2024-09-12,13293.52,13347.56,12862.53,13193.7,1436.1
2024-09-13,12271.32,12413.79,12098.15,12306.77,4688.0
2024-09-14,12774.16,13067.88,12457.7,12770.62,563.1
2024-09-15,12878.92,13198.38,12662.88,12783.69,1575.3
2024-09-16,12272.46,12525.89,11895.45,12227.11,2942.2
2024-09-17,12265.89,12403.15,12071.96,12261.43,1767.5
2024-09-18,12303.43,12341.23,11893.66,12203.17,1183.5
2024-09-19,12578.99,12892.74,12371.92,12550.52,2707.3
2024-09-20,13435.45,13740.29,13064.96,13421.73,2356.4
2024-09-21,14316.16,14522.11,13902.76,14195.94,1876.6
2024-09-22,14717.07,15109.89,14447.82,14624.34,3841.6
2024-09-23,14054.83,14535.28,13726.94,14188.55,4298.4
2024-09-24,14740.82,14947.93,14354.03,14847.01,738.1
2024-09-25,15640.87,15677.35,15447.4,15552.52,3810.9
2024-09-26,15806.61,16004.17,15708.48,15952.57,2616.0
2024-09-27,16138.94,16251.29,15978.0,16219.06,3797.3
2024-09-28,16420.06,16873.3,15938.63,16327.85,4515.8
2024-09-29,16409.25,16964.5,16380.62,16544.66,4749.1
2024-09-30,16992.1,17126.06,16737.54,17043.97,3669.9
2024-10-01,16951.88,17385.29,16450.44,17088.9,1163.3
2024-10-02,17760.08,18021.43,17707.68,17870.32,2731.9
2024-10-03,18053.03,18431.52,17894.75,18156.88,1895.7
2024-10-04,18146.84,18386.2,18091.5,18114.46,986.2
2024-10-05,17639.35,17861.84,17169.89,17740.73,4924.6
2024-10-06,18088.69,18286.2,17619.78,18225.89,3835.1
2024-10-07,17837.48,18180.1,17364.28,18002.89,1489.7
2024-10-08,17271.0,17432.66,17224.08,17236.4,2275.4
2024-10-09,16889.27,16984.92,16302.0,16770.08,4221.2
2024-10-10,16605.4,16951.96,16196.56,16613.48,4993.7
2024-10-11,16324.47,16667.63,15876.37,16344.72,802.5
2024-10-12,16331.25,16653.68,15891.15,16363.77,4633.9
2024-10-13,16733.69,16903.69,16374.73,16576.15,4954.2
2024-10-14,16426.81,16967.85,16291.39,16551.69,1464.7
2024-10-15,16308.31,16770.72,16134.05,16382.7,2061.2
2024-10-16,15642.62,15933.37,15363.14,15650.18,2474.2
2024-10-17,15364.45,15602.31,15132.73,15485.84,3179.0
2024-10-18,16281.9,16450.78,15819.26,16401.77,434.3
2024-10-19,15699.41,16056.99,15300.36,15736.35,3147.6
2024-10-20,14299.08,14448.55,14192.53,14415.46,3861.1
2024-10-21,14556.72,14770.81,14188.29,14509.68,1783.7
2024-10-22,14287.2,14521.49,14164.98,14185.16,254.8
2024-10-23,13160.2,13315.38,12913.97,13190.9,2352.3
2024-10-24,13501.56,13856.5,13445.0,13628.9,1584.9
2024-10-25,13383.21,13771.24,13177.43,13481.76,636.0
2024-10-26,13003.19,13260.68,12835.52,12957.83,2903.8
2024-10-27,12083.27,12225.15,11898.51,12081.66,4857.3
2024-10-28,12238.99,12368.51,12202.29,12210.43,1670.4
2024-10-29,12425.1,12555.14,12246.43,12341.93,231.8
2024-10-30,12465.54,12593.16,12033.79,12368.73,1791.2
2024-10-31,12159.98,12250.31,11992.93,12120.9,3003.4
2024-11-01,12534.79,12559.42,12173.49,12432.75,1754.2
2024-11-02,12810.11,13152.19,12644.11,12820.14,4516.9
2024-11-03,12813.15,13142.01,12654.78,12873.23,4930.2
2024-11-04,12572.97,12877.86,12215.8,12554.76,3408.0
2024-11-05,12820.06,13056.26,12729.64,12862.25,1763.7
2024-11-06,12528.85,12731.94,12471.47,12544.91,3957.0
2024-11-07,12356.64,12555.27,12010.7,12273.09,332.9
2024-11-08,12642.58,12995.58,12298.18,12712.27,4236.5
2024-11-09,12602.41,12833.78,12249.77,12705.39,4025.8
2024-11-10,12481.13,12725.09,12147.89,12407.76,4040.2
2024-11-11,12440.88,12659.39,12142.33,12457.6,2071.3
2024-11-12,12186.35,12252.38,11765.57,12122.48,3546.3
2024-11-13,11882.09,12087.71,11517.99,11796.52,4814.4
2024-11-14,11880.35,12070.22,11641.15,11777.38,3868.7
2024-11-15,11303.84,11511.08,11177.27,11318.84,2659.1
2024-11-16,11096.75,11404.61,10863.81,11174.87,2233.4
2024-11-17,11303.63,11627.34,10986.37,11344.78,1097.4
2024-11-18,10748.86,10831.56,10589.34,10717.56,2088.7
2024-11-19,11000.49,11150.0,10751.52,11086.17,4153.4
2024-11-20,10591.42,10810.79,10285.44,10604.97,880.9
2024-11-21,10636.42,10797.38,10573.73,10714.33,3327.5
2024-11-22,11149.05,11311.55,10721.79,11046.59,4312.0
2024-11-23,11628.45,11937.66,11582.11,11726.03,4512.8
2024-11-24,11440.1,11471.09,11384.74,11404.19,3648.7
2024-11-25,11533.36,11655.88,11441.49,11616.87,4671.4
2024-11-26,10961.19,11267.52,10619.65,10863.49,4434.4
2024-11-27,10712.07,10807.98,10649.95,10768.48,1713.5
2024-11-28,10500.28,10574.6,10267.47,10448.38,807.0
2024-11-29,10201.05,10566.53,10029.51,10267.76,1346.1
2024-11-30,9892.96,10200.09,9690.1,9917.81,2176.5
2024-12-01,9741.42,10022.94,9670.84,9705.94,4691.2
2024-12-02,9417.82,9423.77,9348.36,9357.68,3068.5
2024-12-03,9821.02,10016.13,9737.09,9754.4,3484.3
2024-12-04,9828.69,9919.88,9806.11,9818.34,1878.0
2024-12-05,9634.21,9669.49,9536.2,9574.42,4302.5
2024-12-06,8996.16,9279.97,8795.24,9015.46,542.2
2024-12-07,9525.53,9592.82,9240.25,9464.44,4462.2
2024-12-08,9946.34,10175.13,9695.6,9871.42,266.0
2024-12-09,9698.84,9938.36,9611.08,9628.27,2408.3
2024-12-10,9118.48,9358.32,9030.05,9079.01,4139.6
2024-12-11,9436.03,9579.36,9215.96,9398.72,3050.4
2024-12-12,9601.42,9618.29,9328.38,9610.41,3243.8
2024-12-13,9129.76,9346.41,8870.05,9106.06,2063.2
2024-12-14,8842.82,8959.55,8714.52,8917.33,4851.4
2024-12-15,8782.27,8983.34,8684.52,8724.58,3460.2
2024-12-16,8794.31,8992.16,8599.26,8798.11,3468.6
2024-12-17,8596.07,8802.25,8334.95,8540.26,2131.0
2024-12-18,8874.72,9110.17,8591.82,8796.48,4745.7
2024-12-19,9451.2,9634.68,9266.91,9371.89,4543.5
2024-12-20,9628.49,9677.24,9417.57,9589.89,2201.6
2024-12-21,9510.81,9582.19,9330.46,9556.65,4741.5
2024-12-22,9940.91,10228.54,9777.99,9953.82,3400.7
2024-12-23,10250.98,10550.92,10002.05,10329.79,4323.5
2024-12-24,10391.41,10433.21,10346.62,10392.62,3040.4
2024-12-25,10202.09,10288.7,10004.21,10102.04,2149.8
2024-12-26,9896.67,10016.43,9783.16,9938.38,4545.9
2024-12-27,10021.38,10253.83,9858.48,10047.58,150.6
2024-12-28,10298.32,10510.52,10170.49,10258.72,3571.4
2024-12-29,10546.99,10628.06,10212.5,10497.42,387.9
2024-12-30,10451.48,10764.0,10347.97,10366.84,4839.3
2024-12-31,10621.08,10859.49,10296.72,10600.26,1342.9