Datetime,Open,High,Low,Close,Volume
2022-01-01T00:00:00.000+0000,40679.0,42166.0,40640.0,42034.0,227.90805361
2022-01-02T00:00:00.000+0000,42022.0,42203.0,41095.0,41645.0,236.26597572
2022-01-03T00:00:00.000+0000,41650.0,41921.0,40500.0,41113.0,366.08954755
2022-01-04T00:00:00.000+0000,41131.0,42122.0,40433.0,40642.0,343.37352501
2022-01-05T00:00:00.000+0000,40635.0,41621.0,37563.0,38448.0,1070.19492591
2022-01-06T00:00:00.000+0000,38450.0,38750.0,37573.0,38165.0,797.41112102
2022-01-07T00:00:00.000+0000,38179.0,38231.0,35932.0,36588.0,952.79736604
2022-01-08T00:00:00.000+0000,36581.0,37310.0,35715.0,36734.0,664.86890767
2022-01-09T00:00:00.000+0000,36704.0,37787.0,36313.0,36914.0,503.66791839
2022-01-10T00:00:00.000+0000,36910.0,37330.0,35120.0,36908.0,760.4554589
2022-01-11T00:00:00.000+0000,36939.0,37976.0,36500.0,37608.0,559.98958077
2022-01-12T00:00:00.000+0000,37638.0,38723.0,37406.0,38424.0,611.04477624
2022-01-13T00:00:00.000+0000,38465.0,38734.0,36954.0,37178.0,525.30166417
2022-01-14T00:00:00.000+0000,37189.0,38100.0,36512.0,37750.0,344.84330639
2022-01-15T00:00:00.000+0000,37750.0,38407.0,37391.0,37760.0,222.99674928
2022-01-16T00:00:00.000+0000,37800.0,38122.0,37368.0,37765.0,225.2150637
2022-01-17T00:00:00.000+0000,37765.0,37849.0,36439.0,37022.0,421.22611183
2022-01-18T00:00:00.000+0000,37023.0,37661.0,36341.0,37417.0,360.26855925
2022-01-19T00:00:00.000+0000,37414.0,37539.0,36309.0,36759.0,366.89826568
2022-01-20T00:00:00.000+0000,36759.0,38360.0,35900.0,36020.0,600.84394033
2022-01-21T00:00:00.000+0000,35975.0,36395.0,31330.0,32183.0,1718.60911212
2022-01-22T00:00:00.000+0000,32176.0,32490.0,29925.0,30981.0,1566.01366348
2022-01-23T00:00:00.000+0000,30979.0,32228.0,30574.0,32015.0,837.88370963
2022-01-24T00:00:00.000+0000,32008.0,33239.0,29146.0,32403.0,1807.18914971
2022-01-25T00:00:00.000+0000,32439.0,33280.0,31580.0,32703.0,895.44083648
2022-01-26T00:00:00.000+0000,32740.0,34699.0,32231.0,32778.0,1435.64242261
2022-01-27T00:00:00.000+0000,32799.0,33402.0,31710.0,33389.0,626.32808172
2022-01-28T00:00:00.000+0000,33377.0,34123.0,32475.0,33883.0,540.81613864
2022-01-29T00:00:00.000+0000,33871.0,34783.0,33530.0,34293.0,498.12790626
2022-01-30T00:00:00.000+0000,34312.0,34471.0,33557.0,34048.0,309.47336411
2022-01-31T00:00:00.000+0000,34030.0,34500.0,32876.0,34296.0,534.7609342
2022-02-01T00:00:00.000+0000,34293.0,34948.0,33811.0,34379.0,594.67883783
2022-02-02T00:00:00.000+0000,34376.0,34520.0,32457.0,32693.0,563.058647
2022-02-03T00:00:00.000+0000,32695.0,32917.0,31760.0,32606.0,441.55979422
2022-02-04T00:00:00.000+0000,32649.0,36463.0,32394.0,36296.0,830.39620755
2022-02-05T00:00:00.000+0000,36304.0,36668.0,35729.0,36221.0,544.87025968
2022-02-06T00:00:00.000+0000,36181.0,37250.0,36000.0,37015.0,295.99271705
2022-02-07T00:00:00.000+0000,37020.0,38995.0,36384.0,38361.0,934.86136449
2022-02-08T00:00:00.000+0000,38364.0,39866.0,37350.0,38568.0,1031.19894381
2022-02-09T00:00:00.000+0000,38638.0,39279.0,37802.0,38875.0,550.68613254
2022-02-10T00:00:00.000+0000,38908.0,39900.0,37927.0,38122.0,967.54945247
2022-02-11T00:00:00.000+0000,38169.0,38607.0,36951.0,37359.0,718.99155073
2022-02-12T00:00:00.000+0000,37351.0,37958.0,36822.0,37236.0,466.15657973
2022-02-13T00:00:00.000+0000,37280.0,37700.0,36912.0,37000.0,261.05689793
2022-02-14T00:00:00.000+0000,37000.0,37900.0,36670.0,37628.0,406.05249248
2022-02-15T00:00:00.000+0000,37653.0,39399.0,37503.0,39232.0,542.71110965
2022-02-16T00:00:00.000+0000,39283.0,39283.0,38125.0,38575.0,428.82709926
2022-02-17T00:00:00.000+0000,38618.0,38824.0,35229.0,35729.0,820.29094069
2022-02-18T00:00:00.000+0000,35692.0,36068.0,34851.0,35353.0,532.91601834
2022-02-19T00:00:00.000+0000,35346.0,35799.0,35002.0,35387.0,206.14446952
2022-02-20T00:00:00.000+0000,35395.0,35465.0,33520.0,33911.0,631.18712112
2022-02-21T00:00:00.000+0000,33934.0,34767.0,32500.0,32723.0,914.06876841
2022-02-22T00:00:00.000+0000,32753.0,33949.0,32222.0,33748.0,600.44721232
2022-02-23T00:00:00.000+0000,33749.0,34623.0,32779.0,32921.0,594.97665837
2022-02-24T00:00:00.000+0000,32949.0,35435.0,30555.0,34264.0,1698.60186662
2022-02-25T00:00:00.000+0000,34259.0,35382.0,34021.0,34801.0,619.60634568
2022-02-26T00:00:00.000+0000,34811.0,35635.0,34280.0,34691.0,330.28005621
2022-02-27T00:00:00.000+0000,34742.0,35370.0,33183.0,33733.0,664.96798564
2022-02-28T00:00:00.000+0000,33747.0,39250.0,33502.0,38534.0,1063.24754444
2022-03-01T00:00:00.000+0000,38525.0,40336.0,38285.0,39942.0,1286.02942361
2022-03-02T00:00:00.000+0000,39904.0,40954.0,39035.0,39505.0,774.55216408
2022-03-03T00:00:00.000+0000,39527.0,39800.0,37754.0,38371.0,741.60842386
2022-03-04T00:00:00.000+0000,38376.0,38379.0,35300.0,35832.0,725.22006522
2022-03-05T00:00:00.000+0000,35837.0,36291.0,35305.0,36085.0,386.49855069
2022-03-06T00:00:00.000+0000,36052.0,36334.0,34879.0,35331.0,373.74381535
2022-03-07T00:00:00.000+0000,35321.0,36373.0,34250.0,34983.0,692.71467149
2022-03-08T00:00:00.000+0000,34957.0,36000.0,34858.0,35544.0,376.1365097
2022-03-09T00:00:00.000+0000,35540.0,38750.0,35499.0,37858.0,945.16826063
2022-03-10T00:00:00.000+0000,37943.0,38046.0,35000.0,35828.0,748.89444639
2022-03-11T00:00:00.000+0000,35826.0,36541.0,34796.0,35507.0,415.41471144
2022-03-12T00:00:00.000+0000,35500.0,36118.0,35429.0,35605.0,153.70035759
2022-03-13T00:00:00.000+0000,35600.0,36009.0,34408.0,34601.0,273.42451259
2022-03-14T00:00:00.000+0000,34601.0,36507.0,34403.0,36256.0,346.43857276
2022-03-15T00:00:00.000+0000,36245.0,36387.0,34814.0,35848.0,443.17439038
2022-03-16T00:00:00.000+0000,35847.0,37900.0,35389.0,37282.0,753.27877195
2022-03-17T00:00:00.000+0000,37310.0,37541.0,36507.0,36910.0,350.18773621
2022-03-18T00:00:00.000+0000,36910.0,38295.0,36311.0,37775.0,463.44078403
2022-03-19T00:00:00.000+0000,37770.0,38332.0,37549.0,38151.0,274.89646221
2022-03-20T00:00:00.000+0000,38192.0,38230.0,37011.0,37351.0,300.02776124
2022-03-21T00:00:00.000+0000,37365.0,37662.0,36705.0,37240.0,290.57130142
2022-03-22T00:00:00.000+0000,37235.0,39300.0,37136.0,38401.0,738.65316865
2022-03-23T00:00:00.000+0000,38401.0,39029.0,37900.0,38953.0,434.68720563
2022-03-24T00:00:00.000+0000,38991.0,40256.0,38806.0,39982.0,662.73859986
2022-03-25T00:00:00.000+0000,39949.0,40950.0,39519.0,40387.0,626.75833427
2022-03-26T00:00:00.000+0000,40409.0,40809.0,40172.0,40585.0,205.78595596
2022-03-27T00:00:00.000+0000,40570.0,42750.0,40480.0,42669.0,456.45230819
2022-03-28T00:00:00.000+0000,42662.0,43921.0,42464.0,42838.0,815.33577041
2022-03-29T00:00:00.000+0000,42853.0,43465.0,42400.0,42768.0,527.58482608
2022-03-30T00:00:00.000+0000,42801.0,42876.0,41927.0,42195.0,415.99000621
2022-03-31T00:00:00.000+0000,42203.0,42890.0,40893.0,41130.0,511.28257325
2022-04-01T00:00:00.000+0000,41117.0,42358.0,40000.0,41920.0,581.6099667
2022-04-02T00:00:00.000+0000,41828.0,42636.0,41307.0,41474.0,253.47411636
2022-04-03T00:00:00.000+0000,41465.0,42951.0,41312.0,42060.0,201.29049076
2022-04-04T00:00:00.000+0000,42034.0,42724.0,41150.0,42465.0,348.23985561
2022-04-05T00:00:00.000+0000,42402.0,43050.0,41606.0,41742.0,338.11012339
2022-04-06T00:00:00.000+0000,41713.0,41840.0,39600.0,39609.0,653.91845158
2022-04-07T00:00:00.000+0000,39601.0,40262.0,39225.0,39980.0,373.017311
2022-04-08T00:00:00.000+0000,39998.0,40449.0,38707.0,38893.0,345.42351651
2022-04-09T00:00:00.000+0000,38875.0,39410.0,38717.0,39370.0,168.85958947
2022-04-10T00:00:00.000+0000,39373.0,39863.0,38459.0,38740.0,210.06911776
2022-04-11T00:00:00.000+0000,38760.0,38968.0,36046.0,36318.0,788.95457739
2022-04-12T00:00:00.000+0000,36365.0,37442.0,36151.0,37042.0,506.04543649
2022-04-13T00:00:00.000+0000,37057.0,38171.0,36563.0,37784.0,364.91521035
2022-04-14T00:00:00.000+0000,37702.0,38167.0,36520.0,36941.0,265.55626088
2022-04-15T00:00:00.000+0000,36941.0,37688.0,36795.0,37551.0,158.31280595
2022-04-16T00:00:00.000+0000,37551.0,37658.0,37030.0,37365.0,88.14011854
2022-04-17T00:00:00.000+0000,37403.0,37584.0,36572.0,36724.0,117.68429185
2022-04-18T00:00:00.000+0000,36716.0,38100.0,35741.0,37851.0,481.02255124
2022-04-19T00:00:00.000+0000,37868.0,38720.0,37554.0,38434.0,279.41887085
2022-04-20T00:00:00.000+0000,38460.0,38943.0,37725.0,38148.0,310.64695996
2022-04-21T00:00:00.000+0000,38146.0,39438.0,36825.0,37382.0,384.75722084
2022-04-22T00:00:00.000+0000,37339.0,37765.0,36333.0,36815.0,320.0262657
2022-04-23T00:00:00.000+0000,36808.0,37117.0,36450.0,36552.0,122.50001
2022-04-24T00:00:00.000+0000,36552.0,37000.0,36200.0,36538.0,154.73711743
2022-04-25T00:00:00.000+0000,36527.0,37874.0,35576.0,37709.0,481.99758914
2022-04-26T00:00:00.000+0000,37725.0,38139.0,35500.0,35838.0,568.52972707
2022-04-27T00:00:00.000+0000,35839.0,37384.0,35648.0,37190.0,266.86518048
2022-04-28T00:00:00.000+0000,37187.0,38420.0,36951.0,37864.0,458.43267774
2022-04-29T00:00:00.000+0000,37813.0,37925.0,36200.0,36631.0,311.9308122
2022-04-30T00:00:00.000+0000,36645.0,36836.0,35723.0,35749.0,188.60791571
2022-05-01T00:00:00.000+0000,35749.0,36728.0,35550.0,36487.0,231.57895768
2022-05-02T00:00:00.000+0000,36500.0,37249.0,36242.0,36659.0,311.45467001
2022-05-03T00:00:00.000+0000,36662.0,36778.0,35634.0,35854.0,253.66878391
2022-05-04T00:00:00.000+0000,35852.0,37706.0,35810.0,37337.0,582.36160325
2022-05-05T00:00:00.000+0000,37335.0,37500.0,33846.0,34699.0,909.63971544
2022-05-06T00:00:00.000+0000,34695.0,34789.0,33415.0,34123.0,525.42142605
2022-05-07T00:00:00.000+0000,34157.0,34300.0,33100.0,33634.0,208.19111092
2022-05-08T00:00:00.000+0000,33639.0,33653.0,32000.0,32284.0,609.71965295
2022-05-09T00:00:00.000+0000,32327.0,32525.0,28500.0,28501.0,1923.49170994
2022-05-10T00:00:00.000+0000,28501.0,30956.0,28215.0,29426.0,1318.40885557
2022-05-11T00:00:00.000+0000,29467.0,30428.0,26350.0,27553.0,2587.3732612
2022-05-12T00:00:00.000+0000,27553.0,28760.0,24230.0,27893.0,2017.12530779
2022-05-13T00:00:00.000+0000,27862.0,29848.0,27640.0,28128.0,1124.14548412
2022-05-14T00:00:00.000+0000,28118.0,29076.0,27502.0,28918.0,428.11680598
2022-05-15T00:00:00.000+0000,28867.0,30248.0,28318.0,30112.0,410.59434534
2022-05-16T00:00:00.000+0000,30105.0,30105.0,27961.0,28585.0,629.48953526
2022-05-17T00:00:00.000+0000,28597.0,29297.0,27994.0,28854.0,479.2241111
2022-05-18T00:00:00.000+0000,28852.0,29040.0,27320.0,27393.0,541.47417396
2022-05-19T00:00:00.000+0000,27386.0,28828.0,27315.0,28636.0,505.81509092
2022-05-20T00:00:00.000+0000,28632.0,29000.0,27225.0,27618.0,599.54569499
2022-05-21T00:00:00.000+0000,27618.0,28036.0,27426.0,27837.0,235.26813472
2022-05-22T00:00:00.000+0000,27838.0,28777.0,27673.0,28633.0,423.25408936
2022-05-23T00:00:00.000+0000,28613.0,28889.0,27018.0,27231.0,735.61133002
2022-05-24T00:00:00.000+0000,27237.0,27766.0,26691.0,27585.0,411.55906853
2022-05-25T00:00:00.000+0000,27612.0,28175.0,27476.0,27594.0,307.59723769
2022-05-26T00:00:00.000+0000,27593.0,27920.0,26211.0,27219.0,566.1770821
2022-05-27T00:00:00.000+0000,27183.0,27348.0,26350.0,26616.0,508.34057506
2022-05-28T00:00:00.000+0000,26646.0,27202.0,26572.0,27036.0,197.05913126
2022-05-29T00:00:00.000+0000,27046.0,27500.0,26856.0,27433.0,253.42448887
2022-05-30T00:00:00.000+0000,27436.0,29800.0,27283.0,29411.0,839.49719393
2022-05-31T00:00:00.000+0000,29447.0,30163.0,29108.0,29588.0,634.48861599
2022-06-01T00:00:00.000+0000,29624.0,29790.0,27507.0,27968.0,787.67269079
2022-06-02T00:00:00.000+0000,27979.0,28596.0,27637.0,28332.0,298.86891047
2022-06-03T00:00:00.000+0000,28328.0,28524.0,27300.0,27740.0,354.9257589
2022-06-04T00:00:00.000+0000,27736.0,27958.0,27511.0,27869.0,102.58028308
2022-06-05T00:00:00.000+0000,27869.0,28149.0,27558.0,27875.0,166.05718129
2022-06-06T00:00:00.000+0000,27893.0,29650.0,27845.0,29334.0,638.98310744
2022-06-07T00:00:00.000+0000,29334.0,29404.0,27378.0,29049.0,1112.05423031
2022-06-08T00:00:00.000+0000,29071.0,29245.0,27889.0,28178.0,473.74970913
2022-06-09T00:00:00.000+0000,28176.0,28623.0,27901.0,28336.0,300.87496142
2022-06-10T00:00:00.000+0000,28342.0,28500.0,27425.0,27666.0,568.4199753
2022-06-11T00:00:00.000+0000,27658.0,27987.0,26780.0,27012.0,458.16817442
2022-06-12T00:00:00.000+0000,27030.0,27122.0,25305.0,25305.0,773.63805206
2022-06-13T00:00:00.000+0000,25309.0,25594.0,21105.0,21584.0,2633.23755592
2022-06-14T00:00:00.000+0000,21589.0,22389.0,20033.0,21232.0,1711.13907911
2022-06-15T00:00:00.000+0000,21192.0,21770.0,19144.0,21582.0,2635.75365613
2022-06-16T00:00:00.000+0000,21582.0,21941.0,19176.0,19331.0,1168.34468388
2022-06-17T00:00:00.000+0000,19335.0,20321.0,19180.0,19466.0,795.95679402
2022-06-18T00:00:00.000+0000,19491.0,19780.0,16759.0,18068.0,2176.95317151
2022-06-19T00:00:00.000+0000,18088.0,19833.0,17100.0,19608.0,1738.86455358
2022-06-20T00:00:00.000+0000,19592.0,19965.0,18704.0,19531.0,1250.46120217
2022-06-21T00:00:00.000+0000,19524.0,20549.0,19315.0,19671.0,1328.11218154
2022-06-22T00:00:00.000+0000,19667.0,19764.0,18702.0,18884.0,970.70402656
2022-06-23T00:00:00.000+0000,18894.0,20115.0,18826.0,20052.0,884.65787473
2022-06-24T00:00:00.000+0000,20059.0,20414.0,19637.0,20090.0,916.37088597
2022-06-25T00:00:00.000+0000,20120.0,20445.0,19820.0,20354.0,562.12652568
2022-06-26T00:00:00.000+0000,20356.0,20738.0,19860.0,19923.0,587.35581822
2022-06-27T00:00:00.000+0000,19895.0,20333.0,19387.0,19585.0,683.68539762
2022-06-28T00:00:00.000+0000,19585.0,20025.0,19191.0,19263.0,598.85213589
2022-06-29T00:00:00.000+0000,19236.0,19531.0,18850.0,19241.0,610.67977202
2022-06-30T00:00:00.000+0000,19222.0,19280.0,17769.0,19020.0,1061.23698853
2022-07-01T00:00:00.000+0000,19031.0,19872.0,18133.0,18470.0,689.72248626
2022-07-02T00:00:00.000+0000,18470.0,18638.0,18209.0,18431.0,236.24631272
2022-07-03T00:00:00.000+0000,18450.0,18813.0,18026.0,18496.0,326.65175651
2022-07-04T00:00:00.000+0000,18497.0,19460.0,18250.0,19350.0,615.41545409
2022-07-05T00:00:00.000+0000,19381.0,20180.0,18749.0,19633.0,961.68586643
2022-07-06T00:00:00.000+0000,19673.0,20243.0,19240.0,20171.0,576.89289507
2022-07-07T00:00:00.000+0000,20175.0,21506.0,19813.0,21260.0,1115.87470577
2022-07-08T00:00:00.000+0000,21256.0,22000.0,20883.0,21197.0,944.57704435
2022-07-09T00:00:00.000+0000,21211.0,21550.0,20962.0,21200.0,314.16321366
2022-07-10T00:00:00.000+0000,21188.0,21213.0,20283.0,20499.0,631.70061497
2022-07-11T00:00:00.000+0000,20509.0,20624.0,19789.0,19867.0,618.30996646
2022-07-12T00:00:00.000+0000,19863.0,20021.0,19162.0,19239.0,689.59052787
2022-07-13T00:00:00.000+0000,19223.0,20195.0,18880.0,20171.0,965.75836262
2022-07-14T00:00:00.000+0000,20166.0,20814.0,19611.0,20506.0,656.42335146
2022-07-15T00:00:00.000+0000,20514.0,21000.0,20315.0,20633.0,466.32938649
2022-07-16T00:00:00.000+0000,20647.0,21400.0,20279.0,21040.0,606.54531274
2022-07-17T00:00:00.000+0000,21010.0,21473.0,20555.0,20581.0,374.95343784
2022-07-18T00:00:00.000+0000,20577.0,22350.0,20563.0,22145.0,1421.02397711
2022-07-19T00:00:00.000+0000,22100.0,23245.0,21200.0,22889.0,1532.02588002
2022-07-20T00:00:00.000+0000,22867.0,23800.0,22400.0,22828.0,1300.55544462
2022-07-21T00:00:00.000+0000,22818.0,23034.0,21939.0,22632.0,936.51429341
2022-07-22T00:00:00.000+0000,22660.0,23288.0,22040.0,22213.0,822.05180913
2022-07-23T00:00:00.000+0000,22238.0,22549.0,21523.0,21997.0,543.45986095
2022-07-24T00:00:00.000+0000,22002.0,22534.0,21850.0,22141.0,326.14981404
2022-07-25T00:00:00.000+0000,22132.0,22224.0,20815.0,20836.0,939.75418722
2022-07-26T00:00:00.000+0000,20827.0,21029.0,20387.0,21000.0,644.8100949
2022-07-27T00:00:00.000+0000,21000.0,22654.0,20739.0,22501.0,822.63723518
2022-07-28T00:00:00.000+0000,22486.0,23700.0,22221.0,23412.0,1053.73460082
2022-07-29T00:00:00.000+0000,23400.0,23844.0,23000.0,23267.0,895.25600051
2022-07-30T00:00:00.000+0000,23271.0,24148.0,23014.0,23133.0,616.79577633
2022-07-31T00:00:00.000+0000,23133.0,23675.0,22753.0,22862.0,415.29789933
2022-08-01T00:00:00.000+0000,22840.0,22941.0,22304.0,22683.0,491.04239112
2022-08-02T00:00:00.000+0000,22680.0,23021.0,22142.0,22645.0,435.33908358
2022-08-03T00:00:00.000+0000,22646.0,23200.0,22340.0,22508.0,508.28672421
2022-08-04T00:00:00.000+0000,22467.0,22833.0,21858.0,22091.0,533.59217849
2022-08-05T00:00:00.000+0000,22070.0,22925.0,22061.0,22878.0,467.70880479
2022-08-06T00:00:00.000+0000,22895.0,22912.0,22510.0,22540.0,171.58526183
2022-08-07T00:00:00.000+0000,22563.0,22995.0,22453.0,22807.0,275.48836527
2022-08-08T00:00:00.000+0000,22799.0,23757.0,22775.0,23331.0,634.29589953
2022-08-09T00:00:00.000+0000,23336.0,23467.0,22364.0,22685.0,664.92617063
2022-08-10T00:00:00.000+0000,22698.0,23500.0,22250.0,23229.0,721.81020656
2022-08-11T00:00:00.000+0000,23274.0,24050.0,23129.0,23215.0,881.16761909
2022-08-12T00:00:00.000+0000,23192.0,23800.0,22977.0,23790.0,573.74787469
2022-08-13T00:00:00.000+0000,23791.0,24244.0,23689.0,23840.0,568.65508276
2022-08-14T00:00:00.000+0000,23851.0,24410.0,23570.0,23709.0,625.39918653
2022-08-15T00:00:00.000+0000,23725.0,24601.0,23383.0,23732.0,668.95676901
2022-08-16T00:00:00.000+0000,23732.0,23898.0,23248.0,23466.0,435.89331015
2022-08-17T00:00:00.000+0000,23446.0,24030.0,22770.0,22940.0,734.7315839
2022-08-18T00:00:00.000+0000,22940.0,23250.0,22888.0,22981.0,392.71510767
2022-08-19T00:00:00.000+0000,22973.0,23005.0,20706.0,20729.0,1186.81572513
2022-08-20T00:00:00.000+0000,20750.0,21300.0,20327.0,21058.0,647.4358566
2022-08-21T00:00:00.000+0000,21087.0,21644.0,20994.0,21451.0,448.91954437
2022-08-22T00:00:00.000+0000,21449.0,21657.0,20880.0,21521.0,515.06920632
2022-08-23T00:00:00.000+0000,21525.0,21719.0,21072.0,21581.0,400.04853733
2022-08-24T00:00:00.000+0000,21607.0,21923.0,21275.0,21429.0,322.05623537
2022-08-25T00:00:00.000+0000,21444.0,21820.0,21383.0,21639.0,267.50660949
2022-08-26T00:00:00.000+0000,21632.0,21850.0,20220.0,20342.0,981.40838935
2022-08-27T00:00:00.000+0000,20332.0,21200.0,19251.0,20108.0,807.52989455
2022-08-28T00:00:00.000+0000,20132.0,20254.0,19642.0,19685.0,308.52503058
2022-08-29T00:00:00.000+0000,19686.0,20467.0,19666.0,20268.0,476.71681466
2022-08-30T00:00:00.000+0000,20270.0,20580.0,19508.0,19754.0,528.0076211
2022-08-31T00:00:00.000+0000,19782.0,20434.0,19778.0,19986.0,384.38270466
2022-09-01T00:00:00.000+0000,19986.0,20256.0,19704.0,20197.0,348.63766584
2022-09-02T00:00:00.000+0000,20215.0,20400.0,19850.0,20068.0,383.31976718
2022-09-03T00:00:00.000+0000,20064.0,20149.0,19762.0,19943.0,181.45632589
2022-09-04T00:00:00.000+0000,19945.0,20195.0,19721.0,20170.0,253.09454081
2022-09-05T00:00:00.000+0000,20190.0,20209.0,19788.0,19875.0,232.23838247
2022-09-06T00:00:00.000+0000,19881.0,20239.0,18905.0,19002.0,866.42109768
2022-09-07T00:00:00.000+0000,19026.0,19458.0,18802.0,19293.0,534.42478974
2022-09-08T00:00:00.000+0000,19316.0,19450.0,19083.0,19284.0,391.20946914
2022-09-09T00:00:00.000+0000,19293.0,21434.0,19230.0,21234.0,1255.5523717
2022-09-10T00:00:00.000+0000,21254.0,21691.0,21001.0,21530.0,455.26416445
2022-09-11T00:00:00.000+0000,21539.0,21736.0,21228.0,21680.0,282.50997866
2022-09-12T00:00:00.000+0000,21657.0,22200.0,21390.0,22109.0,683.38404468
2022-09-13T00:00:00.000+0000,22109.0,22400.0,20000.0,20246.0,1349.43086991
2022-09-14T00:00:00.000+0000,20239.0,20551.0,19665.0,20248.0,581.8309078
2022-09-15T00:00:00.000+0000,20244.0,20432.0,19509.0,19746.0,435.07253839
2022-09-16T00:00:00.000+0000,19737.0,19948.0,19330.0,19776.0,353.9672629
2022-09-17T00:00:00.000+0000,19765.0,20190.0,19732.0,20099.0,261.66964735
2022-09-18T00:00:00.000+0000,20097.0,20097.0,19334.0,19384.0,347.64878837
2022-09-19T00:00:00.000+0000,19359.0,19620.0,18350.0,19474.0,1026.80712133
2022-09-20T00:00:00.000+0000,19473.0,19542.0,18850.0,18940.0,411.51298627
2022-09-21T00:00:00.000+0000,18933.0,20097.0,18500.0,18845.0,1072.72578993
2022-09-22T00:00:00.000+0000,18800.0,19836.0,18713.0,19719.0,590.97157854
2022-09-23T00:00:00.000+0000,19729.0,20000.0,19050.0,19885.0,650.30658883
2022-09-24T00:00:00.000+0000,19885.0,19904.0,19413.0,19521.0,383.8121958
2022-09-25T00:00:00.000+0000,19521.0,19749.0,19278.0,19407.0,303.98483019
2022-09-26T00:00:00.000+0000,19422.0,20000.0,19372.0,19972.0,539.54378153
2022-09-27T00:00:00.000+0000,19973.0,21136.0,19654.0,19887.0,1053.75954476
2022-09-28T00:00:00.000+0000,19890.0,20293.0,19361.0,19987.0,684.66436082
2022-09-29T00:00:00.000+0000,19978.0,20249.0,19385.0,19942.0,449.33348764
2022-09-30T00:00:00.000+0000,19942.0,20575.0,19651.0,19818.0,639.41790531
2022-10-01T00:00:00.000+0000,19819.0,19878.0,19587.0,19713.0,229.47450554
2022-10-02T00:00:00.000+0000,19697.0,19794.0,19329.0,19448.0,314.01231102
2022-10-03T00:00:00.000+0000,19469.0,20050.0,19386.0,19970.0,353.2435865
2022-10-04T00:00:00.000+0000,19974.0,20459.0,19876.0,20387.0,575.42951666
2022-10-05T00:00:00.000+0000,20367.0,20575.0,20072.0,20350.0,393.3488769
2022-10-06T00:00:00.000+0000,20339.0,20620.0,20207.0,20405.0,384.96882381
2022-10-07T00:00:00.000+0000,20396.0,20492.0,19785.0,20071.0,468.54704964
2022-10-08T00:00:00.000+0000,20061.0,20140.0,19790.0,19951.0,181.14835676
2022-10-09T00:00:00.000+0000,19922.0,20078.0,19851.0,19968.0,208.48299938
2022-10-10T00:00:00.000+0000,19963.0,20043.0,19675.0,19716.0,242.46078233
2022-10-11T00:00:00.000+0000,19691.0,19813.0,19459.0,19640.0,454.60654219
2022-10-12T00:00:00.000+0000,19640.0,19799.0,19569.0,19722.0,164.5269895
2022-10-13T00:00:00.000+0000,19731.0,20000.0,18925.0,19847.0,761.00340714
2022-10-14T00:00:00.000+0000,19837.0,20334.0,19634.0,19731.0,522.2436153
2022-10-15T00:00:00.000+0000,19729.0,19770.0,19555.0,19625.0,192.11398562
2022-10-16T00:00:00.000+0000,19616.0,19966.0,19616.0,19780.0,223.25100279
2022-10-17T00:00:00.000+0000,19777.0,20075.0,19662.0,19846.0,309.28949443
2022-10-18T00:00:00.000+0000,19857.0,19979.0,19393.0,19602.0,293.18741195
2022-10-19T00:00:00.000+0000,19595.0,19707.0,19485.0,19582.0,202.84204086
2022-10-20T00:00:00.000+0000,19577.0,19663.0,19358.0,19482.0,168.59348125
2022-10-21T00:00:00.000+0000,19477.0,19561.0,19220.0,19442.0,185.29822398
2022-10-22T00:00:00.000+0000,19445.0,19539.0,19388.0,19478.0,120.1055106
2022-10-23T00:00:00.000+0000,19491.0,19949.0,19377.0,19840.0,308.11785692
2022-10-24T00:00:00.000+0000,19840.0,19876.0,19453.0,19559.0,219.11660721
2022-10-25T00:00:00.000+0000,19560.0,20461.0,19490.0,20161.0,951.64630838
2022-10-26T00:00:00.000+0000,20168.0,20940.0,20139.0,20571.0,1002.78962658
2022-10-27T00:00:00.000+0000,20574.0,20750.0,20280.0,20349.0,473.25474449
2022-10-28T00:00:00.000+0000,20350.0,20885.0,20127.0,20672.0,381.33162863
2022-10-29T00:00:00.000+0000,20669.0,21111.0,20622.0,20869.0,343.29102958
2022-10-30T00:00:00.000+0000,20871.0,20980.0,20620.0,20723.0,251.49861986
2022-10-31T00:00:00.000+0000,20723.0,20950.0,20472.0,20724.0,281.61254938
2022-11-01T00:00:00.000+0000,20738.0,20831.0,20505.0,20741.0,181.39020417
2022-11-02T00:00:00.000+0000,20739.0,20920.0,20450.0,20542.0,431.95116026
2022-11-03T00:00:00.000+0000,20522.0,20850.0,20506.0,20716.0,237.39490823
2022-11-04T00:00:00.000+0000,20737.0,21418.0,20681.0,21251.0,557.28802402
2022-11-05T00:00:00.000+0000,21250.0,21546.0,21163.0,21381.0,305.3238598
2022-11-06T00:00:00.000+0000,21394.0,21449.0,21044.0,21069.0,216.48787238
2022-11-07T00:00:00.000+0000,21066.0,21216.0,20400.0,20555.0,704.65659362
2022-11-08T00:00:00.000+0000,20596.0,20650.0,17500.0,18445.0,2395.72539701
2022-11-09T00:00:00.000+0000,18429.0,18479.0,15588.0,15890.0,2478.65643507
2022-11-10T00:00:00.000+0000,15911.0,17824.0,15750.0,17255.0,2160.3685067
2022-11-11T00:00:00.000+0000,17249.0,17340.0,15900.0,16428.0,1044.4241394
2022-11-12T00:00:00.000+0000,16469.0,16498.0,16050.0,16196.0,271.61600655
2022-11-13T00:00:00.000+0000,16176.0,16319.0,15683.0,15797.0,458.81100356
2022-11-14T00:00:00.000+0000,15799.0,16633.0,15321.0,16063.0,1125.79065278
2022-11-15T00:00:00.000+0000,16062.0,16449.0,15989.0,16314.0,550.75795845
2022-11-16T00:00:00.000+0000,16289.0,16402.0,15751.0,16010.0,622.29512237
2022-11-17T00:00:00.000+0000,16011.0,16164.0,15850.0,16105.0,357.71293136
2022-11-18T00:00:00.000+0000,16109.0,16360.0,15981.0,16160.0,266.85591359
2022-11-19T00:00:00.000+0000,16140.0,16265.0,16011.0,16169.0,182.00019138
2022-11-20T00:00:00.000+0000,16157.0,16215.0,15655.0,15737.0,240.21522712
2022-11-21T00:00:00.000+0000,15747.0,15838.0,15111.0,15372.0,692.76247842
2022-11-22T00:00:00.000+0000,15384.0,15815.0,15202.0,15716.0,408.58475642
2022-11-23T00:00:00.000+0000,15699.0,16125.0,15660.0,15938.0,482.61288234
2022-11-24T00:00:00.000+0000,15940.0,16089.0,15802.0,15938.0,208.73818426
2022-11-25T00:00:00.000+0000,15934.0,15944.0,15700.0,15857.0,198.9717481
2022-11-26T00:00:00.000+0000,15857.0,16010.0,15762.0,15832.0,136.50338036
2022-11-27T00:00:00.000+0000,15830.0,15995.0,15815.0,15840.0,156.26510714
2022-11-28T00:00:00.000+0000,15840.0,15892.0,15412.0,15667.0,352.53075733
2022-11-29T00:00:00.000+0000,15683.0,15970.0,15567.0,15927.0,247.06559794
2022-11-30T00:00:00.000+0000,15925.0,16531.0,15889.0,16481.0,471.81094076
2022-12-01T00:00:00.000+0000,16477.0,16525.0,16026.0,16138.0,368.45602802
2022-12-02T00:00:00.000+0000,16142.0,16246.0,16040.0,16238.0,173.5885402
2022-12-03T00:00:00.000+0000,16238.0,16275.0,16011.0,16040.0,94.05791704
2022-12-04T00:00:00.000+0000,16053.0,16300.0,16051.0,16221.0,143.95894468
2022-12-05T00:00:00.000+0000,16233.0,16495.0,16100.0,16169.0,338.65068945
2022-12-06T00:00:00.000+0000,16152.0,16325.0,16107.0,16320.0,131.78253084
2022-12-07T00:00:00.000+0000,16322.0,16352.0,15950.0,16022.0,244.09418282
2022-12-08T00:00:00.000+0000,16016.0,16362.0,15950.0,16312.0,217.95342786
2022-12-09T00:00:00.000+0000,16313.0,16400.0,16208.0,16235.0,152.7937972
2022-12-10T00:00:00.000+0000,16237.0,16346.0,16224.0,16263.0,85.51652875
2022-12-11T00:00:00.000+0000,16263.0,16389.0,16220.0,16252.0,118.58585934
2022-12-12T00:00:00.000+0000,16250.0,16336.0,16014.0,16298.0,255.83792291
2022-12-13T00:00:00.000+0000,16313.0,16884.0,16193.0,16728.0,521.29493287
2022-12-14T00:00:00.000+0000,16730.0,17200.0,16564.0,16659.0,527.9838766
2022-12-15T00:00:00.000+0000,16696.0,16733.0,16240.0,16311.0,382.27126606
2022-12-16T00:00:00.000+0000,16309.0,16466.0,15500.0,15696.0,987.96739294
2022-12-17T00:00:00.000+0000,15697.0,15871.0,15662.0,15857.0,392.23464423
2022-12-18T00:00:00.000+0000,15846.0,15884.0,15732.0,15818.0,170.08454163
2022-12-19T00:00:00.000+0000,15829.0,15870.0,15375.0,15468.0,384.77550718
2022-12-20T00:00:00.000+0000,15466.0,15998.0,15442.0,15906.0,198.29022032
2022-12-21T00:00:00.000+0000,15901.0,15927.0,15754.0,15860.0,175.24033691
2022-12-22T00:00:00.000+0000,15863.0,15886.0,15651.0,15861.0,198.46552331
2022-12-23T00:00:00.000+0000,15862.0,15923.0,15764.0,15773.0,163.15537281
2022-12-24T00:00:00.000+0000,15771.0,15860.0,15771.0,15822.0,156.79019795
2022-12-25T00:00:00.000+0000,15822.0,15866.0,15738.0,15831.0,93.05187854
2022-12-26T00:00:00.000+0000,15853.0,15927.0,15780.0,15897.0,84.81542929
2022-12-27T00:00:00.000+0000,15900.0,15935.0,15563.0,15707.0,177.42314522
2022-12-28T00:00:00.000+0000,15707.0,15737.0,15265.0,15569.0,266.29175263
2022-12-29T00:00:00.000+0000,15548.0,15646.0,15502.0,15580.0,121.2089843
2022-12-30T00:00:00.000+0000,15594.0,15614.0,15303.0,15518.0,162.84649926
2022-12-31T00:00:00.000+0000,15524.0,15541.0,15350.0,15439.0,145.92978302
2023-01-01T00:00:00.000+0000,15424.0,15541.0,15391.0,15533.0,73.96714715
2023-01-02T00:00:00.000+0000,15532.0,15706.0,15466.0,15605.0,195.90321447
2023-01-03T00:00:00.000+0000,15602.0,15889.0,15575.0,15784.0,182.638555
2023-01-04T00:00:00.000+0000,15784.0,15998.0,15754.0,15896.0,310.75173557
2023-01-05T00:00:00.000+0000,15881.0,16037.0,15787.0,16001.0,216.08977711
2023-01-06T00:00:00.000+0000,16001.0,16023.0,15809.0,15924.0,171.66953593
2023-01-07T00:00:00.000+0000,15927.0,15950.0,15864.0,15911.0,106.11242185
2023-01-08T00:00:00.000+0000,15930.0,16080.0,15870.0,16069.0,118.67753198
2023-01-09T00:00:00.000+0000,16069.0,16200.0,15961.0,16017.0,297.48879505
2023-01-10T00:00:00.000+0000,15996.0,16302.0,15982.0,16235.0,185.29791415
2023-01-11T00:00:00.000+0000,16235.0,16681.0,16087.0,16635.0,284.67144836
2023-01-12T00:00:00.000+0000,16663.0,17578.0,16609.0,17374.0,731.46970442
2023-01-13T00:00:00.000+0000,17349.0,18466.0,17224.0,18384.0,614.25485885
2023-01-14T00:00:00.000+0000,18419.0,19635.0,18365.0,19347.0,863.11373204
2023-01-15T00:00:00.000+0000,19319.0,19400.0,18939.0,19277.0,396.1937978
2023-01-16T00:00:00.000+0000,19275.0,19807.0,19089.0,19566.0,562.47066189
2023-01-17T00:00:00.000+0000,19570.0,19864.0,19300.0,19610.0,324.85119219
2023-01-18T00:00:00.000+0000,19579.0,19901.0,18770.0,19133.0,723.85454338
2023-01-19T00:00:00.000+0000,19140.0,19550.0,19093.0,19447.0,281.66446291
2023-01-20T00:00:00.000+0000,19447.0,20957.0,19250.0,20858.0,631.74142016
2023-01-21T00:00:00.000+0000,20848.0,21521.0,20603.0,20990.0,804.6607296
2023-01-22T00:00:00.000+0000,20966.0,21262.0,20528.0,20912.0,404.56723175
2023-01-23T00:00:00.000+0000,20908.0,21318.0,20747.0,21078.0,328.05646129
2023-01-24T00:00:00.000+0000,21080.0,21289.0,20637.0,20799.0,425.75928198
2023-01-25T00:00:00.000+0000,20789.0,21796.0,20485.0,21126.0,516.74096027
2023-01-26T00:00:00.000+0000,21145.0,21314.0,20985.0,21112.0,282.03420273
2023-01-27T00:00:00.000+0000,21112.0,21597.0,20743.0,21257.0,283.39622585
2023-01-28T00:00:00.000+0000,21248.0,21345.0,21074.0,21212.0,137.38914438
2023-01-29T00:00:00.000+0000,21212.0,22042.0,21144.0,21840.0,469.84835581
2023-01-30T00:00:00.000+0000,21840.0,21909.0,20798.0,21067.0,483.19685224
2023-01-31T00:00:00.000+0000,21065.0,21450.0,20947.0,21311.0,228.74428791
2023-02-01T00:00:00.000+0000,21293.0,21675.0,20901.0,21550.0,369.0638722
2023-02-02T00:00:00.000+0000,21559.0,22107.0,21413.0,21532.0,465.02654465
2023-02-03T00:00:00.000+0000,21573.0,21860.0,21370.0,21687.0,272.55729977
2023-02-04T00:00:00.000+0000,21698.0,21830.0,21538.0,21626.0,170.77627017
2023-02-05T00:00:00.000+0000,21626.0,21710.0,21105.0,21269.0,284.21504012
2023-02-06T00:00:00.000+0000,21268.0,21571.0,21003.0,21216.0,246.70739146
2023-02-07T00:00:00.000+0000,21209.0,21698.0,21182.0,21661.0,259.66628325
2023-02-08T00:00:00.000+0000,21659.0,21788.0,21138.0,21445.0,269.63722541
2023-02-09T00:00:00.000+0000,21429.0,21473.0,20200.0,20303.0,506.87811985
2023-02-10T00:00:00.000+0000,20305.0,20469.0,20126.0,20275.0,234.25467249
2023-02-11T00:00:00.000+0000,20266.0,20542.0,20225.0,20505.0,118.98980534
2023-02-12T00:00:00.000+0000,20505.0,20729.0,20287.0,20421.0,181.0990911
2023-02-13T00:00:00.000+0000,20423.0,20525.0,19980.0,20302.0,242.53114638
2023-02-14T00:00:00.000+0000,20300.0,20750.0,20070.0,20690.0,325.20625419
2023-02-15T00:00:00.000+0000,20686.0,22815.0,20543.0,22714.0,803.5810542
2023-02-16T00:00:00.000+0000,22732.0,24000.0,22012.0,22043.0,922.48133636
2023-02-17T00:00:00.000+0000,22040.0,23389.0,21865.0,22970.0,593.69173762
2023-02-18T00:00:00.000+0000,22979.0,23230.0,22844.0,23029.0,201.73093048
2023-02-19T00:00:00.000+0000,23029.0,23505.0,22701.0,22724.0,413.787836
2023-02-20T00:00:00.000+0000,22710.0,23473.0,22399.0,23250.0,353.89488581
2023-02-21T00:00:00.000+0000,23232.0,23652.0,22704.0,22974.0,509.67004466
2023-02-22T00:00:00.000+0000,22953.0,22983.0,22198.0,22816.0,437.84182506
2023-02-23T00:00:00.000+0000,22817.0,23177.0,22300.0,22602.0,322.88887357
2023-02-24T00:00:00.000+0000,22599.0,22751.0,21700.0,22009.0,367.22063224
2023-02-25T00:00:00.000+0000,21994.0,22070.0,21666.0,22067.0,191.42286351
2023-02-26T00:00:00.000+0000,22057.0,22497.0,21917.0,22335.0,197.3125886
2023-02-27T00:00:00.000+0000,22331.0,22573.0,21810.0,22142.0,238.98731697
2023-02-28T00:00:00.000+0000,22161.0,22239.0,21801.0,21885.0,133.26657325
2023-03-01T00:00:00.000+0000,21896.0,22510.0,21804.0,22163.0,193.03334597
2023-03-02T00:00:00.000+0000,22156.0,22275.0,21902.0,22115.0,131.3657776
2023-03-03T00:00:00.000+0000,22137.0,22137.0,20827.0,21031.0,398.44259911
2023-03-04T00:00:00.000+0000,21003.0,21094.0,20843.0,21008.0,125.79790263
2023-03-05T00:00:00.000+0000,21027.0,21291.0,20900.0,21126.0,117.58443762
2023-03-06T00:00:00.000+0000,21121.0,21166.0,20920.0,20962.0,124.5082411
2023-03-07T00:00:00.000+0000,20989.0,21180.0,20700.0,21042.0,179.57831525
2023-03-08T00:00:00.000+0000,21014.0,21107.0,20500.0,20587.0,192.72271839
2023-03-09T00:00:00.000+0000,20586.0,20664.0,19000.0,19257.0,593.8104153
2023-03-10T00:00:00.000+0000,19240.0,19945.0,18471.0,18989.0,749.85541165
2023-03-11T00:00:00.000+0000,18986.0,19682.0,18655.0,19219.0,430.96337327
2023-03-12T00:00:00.000+0000,19231.0,20700.0,19097.0,20665.0,570.40631158
2023-03-13T00:00:00.000+0000,20681.0,22727.0,20265.0,22338.0,1262.70186029
2023-03-14T00:00:00.000+0000,22340.0,24500.0,22200.0,23000.0,1673.84956645
2023-03-15T00:00:00.000+0000,22954.0,23902.0,22603.0,22973.0,818.57584419
2023-03-16T00:00:00.000+0000,22966.0,23741.0,22851.0,23605.0,450.69507639
2023-03-17T00:00:00.000+0000,23572.0,26044.0,23478.0,25656.0,1554.18648871
2023-03-18T00:00:00.000+0000,25717.0,25963.0,24918.0,25245.0,702.61653031
2023-03-19T00:00:00.000+0000,25242.0,26672.0,25112.0,26264.0,964.80366833
2023-03-20T00:00:00.000+0000,26262.0,26842.0,25521.0,25952.0,901.32221767
2023-03-21T00:00:00.000+0000,25939.0,26499.0,25581.0,26173.0,586.68982662
2023-03-22T00:00:00.000+0000,26169.0,26786.0,24500.0,25158.0,1342.6662936
2023-03-23T00:00:00.000+0000,25152.0,26500.0,24997.0,26145.0,636.9400945
2023-03-24T00:00:00.000+0000,26145.0,26250.0,25195.0,25596.0,515.20705732
2023-03-25T00:00:00.000+0000,25590.0,25887.0,25300.0,25570.0,229.22729842
2023-03-26T00:00:00.000+0000,25565.0,26176.0,25531.0,25968.0,281.31682088
2023-03-27T00:00:00.000+0000,25964.0,26049.0,24614.0,25140.0,612.62776209
2023-03-28T00:00:00.000+0000,25166.0,25349.0,24601.0,25187.0,414.83996169
2023-03-29T00:00:00.000+0000,25185.0,26400.0,25119.0,26155.0,676.01572079
2023-03-30T00:00:00.000+0000,26156.0,26875.0,25459.0,25760.0,574.28924094
2023-03-31T00:00:00.000+0000,25725.0,26382.0,25346.0,26233.0,450.52586021
2023-04-01T00:00:00.000+0000,26253.0,26537.0,26073.0,26234.0,198.20632888
2023-04-02T00:00:00.000+0000,26236.0,26305.0,25757.0,26082.0,259.39629148
2023-04-03T00:00:00.000+0000,26080.0,26257.0,25053.0,25507.0,532.41003372
2023-04-04T00:00:00.000+0000,25506.0,26071.0,25417.0,25711.0,326.85166666
2023-04-05T00:00:00.000+0000,25733.0,26230.0,25555.0,25857.0,387.73067413
2023-04-06T00:00:00.000+0000,25818.0,25859.0,25500.0,25715.0,229.32919465
2023-04-07T00:00:00.000+0000,25720.0,25788.0,25500.0,25629.0,122.05824656
2023-04-08T00:00:00.000+0000,25601.0,25865.0,25574.0,25685.0,121.1918642
2023-04-09T00:00:00.000+0000,25686.0,26150.0,25568.0,25952.0,198.96823546
2023-04-10T00:00:00.000+0000,25962.0,27397.0,25890.0,27264.0,664.12492096
2023-04-11T00:00:00.000+0000,27247.0,27995.0,27202.0,27652.0,736.02908969
2023-04-12T00:00:00.000+0000,27661.0,27800.0,27019.0,27179.0,526.59223963
2023-04-13T00:00:00.000+0000,27187.0,27717.0,27187.0,27541.0,343.33509327
2023-04-14T00:00:00.000+0000,27515.0,28054.0,27328.0,27706.0,532.42135618
2023-04-15T00:00:00.000+0000,27724.0,27834.0,27513.0,27577.0,151.81819641
2023-04-16T00:00:00.000+0000,27596.0,27800.0,27450.0,27625.0,162.71736055
2023-04-17T00:00:00.000+0000,27600.0,27622.0,26800.0,26978.0,518.26335376
2023-04-18T00:00:00.000+0000,26989.0,27765.0,26725.0,27691.0,425.98121423
2023-04-19T00:00:00.000+0000,27670.0,27750.0,26200.0,26343.0,545.27359222
2023-04-20T00:00:00.000+0000,26328.0,26540.0,25550.0,25757.0,572.32092598
2023-04-21T00:00:00.000+0000,25756.0,25880.0,24700.0,24793.0,589.97744646
2023-04-22T00:00:00.000+0000,24794.0,26045.0,24700.0,25503.0,413.36182912
2023-04-23T00:00:00.000+0000,25503.0,25580.0,24973.0,25136.0,212.98957669
2023-04-24T00:00:00.000+0000,25140.0,25481.0,24494.0,24876.0,334.24467126
2023-04-25T00:00:00.000+0000,24896.0,25880.0,24646.0,25795.0,367.32963987
2023-04-26T00:00:00.000+0000,25782.0,27140.0,24740.0,25735.0,1025.74948526
2023-04-27T00:00:00.000+0000,25749.0,27086.0,25706.0,26735.0,518.89702359
2023-04-28T00:00:00.000+0000,26714.0,26859.0,26250.0,26588.0,283.44452555
2023-04-29T00:00:00.000+0000,26593.0,26717.0,26400.0,26529.0,105.44674061
2023-04-30T00:00:00.000+0000,26528.0,27173.0,26425.0,26526.0,320.92798836
2023-05-01T00:00:00.000+0000,26541.0,26652.0,25223.0,25603.0,432.31577793
2023-05-02T00:00:00.000+0000,25636.0,26285.0,25431.0,26032.0,264.37116356
2023-05-03T00:00:00.000+0000,26029.0,26428.0,25480.0,26182.0,327.62517987
2023-05-04T00:00:00.000+0000,26215.0,26579.0,25958.0,26161.0,241.31329718
2023-05-05T00:00:00.000+0000,26184.0,26900.0,26158.0,26783.0,414.61781194
2023-05-06T00:00:00.000+0000,26767.0,27021.0,25809.0,26256.0,305.92701411
2023-05-07T00:00:00.000+0000,26256.0,26495.0,25859.0,25868.0,130.03432872
2023-05-08T00:00:00.000+0000,25862.0,26024.0,24850.0,25197.0,485.33654666
2023-05-09T00:00:00.000+0000,25195.0,25430.0,24969.0,25217.0,240.53719327
2023-05-10T00:00:00.000+0000,25207.0,25800.0,24560.0,25156.0,455.64432638
2023-05-11T00:00:00.000+0000,25152.0,25256.0,24505.0,24748.0,300.49779496
2023-05-12T00:00:00.000+0000,24746.0,24799.0,23660.0,24695.0,557.77492458
2023-05-13T00:00:00.000+0000,24699.0,24934.0,24597.0,24708.0,131.72960561
2023-05-14T00:00:00.000+0000,24708.0,25073.0,24537.0,24825.0,138.38733842
2023-05-15T00:00:00.000+0000,24824.0,25441.0,24666.0,24984.0,245.26060843
2023-05-16T00:00:00.000+0000,24984.0,25108.0,24735.0,24888.0,197.64050686
2023-05-17T00:00:00.000+0000,24871.0,25337.0,24508.0,25260.0,266.70753864
2023-05-18T00:00:00.000+0000,25260.0,25389.0,24536.0,24893.0,252.04490961
2023-05-19T00:00:00.000+0000,24895.0,25108.0,24659.0,24878.0,129.45771089
2023-05-20T00:00:00.000+0000,24886.0,25124.0,24828.0,25089.0,81.04482699
2023-05-21T00:00:00.000+0000,25072.0,25232.0,24706.0,24711.0,120.40357767
2023-05-22T00:00:00.000+0000,24727.0,25039.0,24551.0,24842.0,145.17053527
2023-05-23T00:00:00.000+0000,24843.0,25402.0,24781.0,25274.0,312.21203203
2023-05-24T00:00:00.000+0000,25258.0,25277.0,24260.0,24500.0,436.38007629
2023-05-25T00:00:00.000+0000,24512.0,24818.0,24155.0,24695.0,153.75988471
2023-05-26T00:00:00.000+0000,24681.0,25101.0,24521.0,24910.0,198.67395705
2023-05-27T00:00:00.000+0000,24899.0,25062.0,24787.0,25047.0,84.63755091
2023-05-28T00:00:00.000+0000,25033.0,26325.0,24976.0,26162.0,441.90332591
2023-05-29T00:00:00.000+0000,26177.0,26501.0,25688.0,25915.0,279.41759432
2023-05-30T00:00:00.000+0000,25920.0,26127.0,25730.0,25820.0,240.3283009
2023-05-31T00:00:00.000+0000,25798.0,25951.0,25190.0,25469.0,253.09191815
2023-06-01T00:00:00.000+0000,25474.0,25578.0,24799.0,24929.0,205.1351796
2023-06-02T00:00:00.000+0000,24942.0,25500.0,24700.0,25464.0,173.71558565
2023-06-03T00:00:00.000+0000,25465.0,25520.0,25175.0,25305.0,83.65364184
2023-06-04T00:00:00.000+0000,25298.0,25621.0,25179.0,25367.0,93.83213446
2023-06-05T00:00:00.000+0000,25336.0,25444.0,23750.0,24080.0,603.50964698
2023-06-06T00:00:00.000+0000,24045.0,25535.0,23782.0,25443.0,571.03606798
2023-06-07T00:00:00.000+0000,25446.0,25560.0,24428.0,24609.0,294.76178347
2023-06-08T00:00:00.000+0000,24602.0,24877.0,24500.0,24571.0,136.41355007
2023-06-09T00:00:00.000+0000,24588.0,24873.0,24450.0,24639.0,122.87391896
2023-06-10T00:00:00.000+0000,24638.0,24689.0,23750.0,24145.0,420.99516187
2023-06-11T00:00:00.000+0000,24138.0,24453.0,23950.0,24151.0,175.86571912
2023-06-12T00:00:00.000+0000,24159.0,24251.0,23868.0,24046.0,159.21375513
2023-06-13T00:00:00.000+0000,24053.0,24428.0,23823.0,24037.0,199.6627489
2023-06-14T00:00:00.000+0000,24037.0,24135.0,22980.0,23229.0,325.21525876
2023-06-15T00:00:00.000+0000,23176.0,23562.0,22765.0,23365.0,421.50125585
2023-06-16T00:00:00.000+0000,23372.0,24206.0,23052.0,24056.0,292.20517925
2023-06-17T00:00:00.000+0000,24050.0,24463.0,23887.0,24241.0,193.28822675
2023-06-18T00:00:00.000+0000,24221.0,24400.0,24027.0,24080.0,143.69577527
2023-06-19T00:00:00.000+0000,24057.0,24734.0,24035.0,24579.0,199.56685151
2023-06-20T00:00:00.000+0000,24556.0,25970.0,24413.0,25901.0,601.64413447
2023-06-21T00:00:00.000+0000,25900.0,28000.0,25867.0,27237.0,1203.98363147
2023-06-22T00:00:00.000+0000,27264.0,27674.0,26851.0,27301.0,487.83486898
2023-06-23T00:00:00.000+0000,27300.0,28861.0,27250.0,28172.0,696.5513607
2023-06-24T00:00:00.000+0000,28153.0,28275.0,27735.0,28002.0,315.78984974
2023-06-25T00:00:00.000+0000,28021.0,28477.0,27800.0,27928.0,201.53125896
2023-06-26T00:00:00.000+0000,27927.0,28093.0,27474.0,27724.0,336.70983068
2023-06-27T00:00:00.000+0000,27740.0,28300.0,27654.0,28034.0,253.45470145
2023-06-28T00:00:00.000+0000,28024.0,28032.0,27400.0,27566.0,275.30740141
2023-06-29T00:00:00.000+0000,27547.0,28300.0,27547.0,28021.0,291.69437502
2023-06-30T00:00:00.000+0000,28001.0,28745.0,27200.0,27938.0,638.35941659
2023-07-01T00:00:00.000+0000,27909.0,28100.0,27785.0,28028.0,130.14040913
2023-07-02T00:00:00.000+0000,28004.0,28164.0,27683.0,28020.0,138.69196697
2023-07-03T00:00:00.000+0000,28025.0,28724.0,28013.0,28521.0,407.3421335
2023-07-04T00:00:00.000+0000,28530.0,28690.0,28164.0,28279.0,245.74775045
2023-07-05T00:00:00.000+0000,28277.0,28435.0,27780.0,28114.0,321.83400608
2023-07-06T00:00:00.000+0000,28114.0,28950.0,27500.0,27502.0,594.65586443
2023-07-07T00:00:00.000+0000,27500.0,27949.0,27400.0,27715.0,239.74431277
2023-07-08T00:00:00.000+0000,27715.0,27748.0,27451.0,27655.0,104.17860027
2023-07-09T00:00:00.000+0000,27664.0,27802.0,27450.0,27541.0,81.80763041
2023-07-10T00:00:00.000+0000,27545.0,28208.0,27392.0,27641.0,274.06885475
2023-07-11T00:00:00.000+0000,27650.0,28050.0,27600.0,27845.0,173.6571841
2023-07-12T00:00:00.000+0000,27831.0,28048.0,27175.0,27316.0,271.23937377
2023-07-13T00:00:00.000+0000,27292.0,28328.0,27200.0,28055.0,654.22792658
2023-07-14T00:00:00.000+0000,28058.0,28166.0,26700.0,27072.0,553.73376472
2023-07-15T00:00:00.000+0000,27073.0,27128.0,27005.0,27035.0,172.36768918
2023-07-16T00:00:00.000+0000,27053.0,27272.0,26865.0,26999.0,170.39540105
2023-07-17T00:00:00.000+0000,26992.0,27079.0,26414.0,26855.0,283.94531613
2023-07-18T00:00:00.000+0000,26854.0,26911.0,26420.0,26620.0,185.71419811
2023-07-19T00:00:00.000+0000,26620.0,26939.0,26600.0,26707.0,162.7712615
2023-07-20T00:00:00.000+0000,26708.0,27150.0,26600.0,26790.0,236.24043008
2023-07-21T00:00:00.000+0000,26796.0,27033.0,26728.0,26898.0,131.14433512
2023-07-22T00:00:00.000+0000,26874.0,26976.0,26660.0,26799.0,90.67255391
2023-07-23T00:00:00.000+0000,26807.0,27292.0,26749.0,27061.0,142.11925773
2023-07-24T00:00:00.000+0000,27075.0,27086.0,26085.0,26403.0,365.73239118
2023-07-25T00:00:00.000+0000,26396.0,26619.0,26261.0,26463.0,165.8207137
2023-07-26T00:00:00.000+0000,26465.0,26774.0,26306.0,26495.0,212.83864402
2023-07-27T00:00:00.000+0000,26499.0,26775.0,26422.0,26574.0,173.45997735
2023-07-28T00:00:00.000+0000,26577.0,26759.0,26498.0,26599.0,119.72933812
2023-07-29T00:00:00.000+0000,26580.0,26672.0,26519.0,26620.0,78.97045634
2023-07-30T00:00:00.000+0000,26620.0,26719.0,26391.0,26557.0,103.04447511
2023-07-31T00:00:00.000+0000,26557.0,26760.0,26461.0,26556.0,140.30733445
2023-08-01T00:00:00.000+0000,26577.0,26941.0,26115.0,26941.0,209.76341292
2023-08-02T00:00:00.000+0000,26931.0,27247.0,26418.0,26630.0,241.89349989
2023-08-03T00:00:00.000+0000,26652.0,26874.0,26511.0,26658.0,109.18080696
2023-08-04T00:00:00.000+0000,26660.0,26708.0,26186.0,26419.0,145.74422966
2023-08-05T00:00:00.000+0000,26440.0,26475.0,26332.0,26423.0,92.32623696
2023-08-06T00:00:00.000+0000,26423.0,26499.0,26343.0,26416.0,81.37073066
2023-08-07T00:00:00.000+0000,26411.0,26584.0,26111.0,26495.0,155.72265396
2023-08-08T00:00:00.000+0000,26494.0,27540.0,26491.0,27130.0,385.57969433
2023-08-09T00:00:00.000+0000,27117.0,27435.0,26750.0,26921.0,237.84737127
2023-08-10T00:00:00.000+0000,26940.0,27020.0,26670.0,26799.0,150.51186486
2023-08-11T00:00:00.000+0000,26802.0,26946.0,26691.0,26862.0,107.58752699
2023-08-12T00:00:00.000+0000,26844.0,26950.0,26802.0,26905.0,68.32960105
2023-08-13T00:00:00.000+0000,26904.0,26929.0,26750.0,26770.0,75.34048444
2023-08-14T00:00:00.000+0000,26763.0,27135.0,26615.0,26959.0,157.59780654
2023-08-15T00:00:00.000+0000,26940.0,26974.0,26620.0,26725.0,136.5063256
2023-08-16T00:00:00.000+0000,26742.0,26793.0,26372.0,26394.0,198.20705166
2023-08-17T00:00:00.000+0000,26394.0,26445.0,23900.0,24507.0,925.74105714
2023-08-18T00:00:00.000+0000,24507.0,24674.0,23575.0,23988.0,782.23493218
2023-08-19T00:00:00.000+0000,23987.0,24223.0,23750.0,24076.0,251.98543686
2023-08-20T00:00:00.000+0000,24076.0,24200.0,23959.0,24103.0,191.1718019
2023-08-21T00:00:00.000+0000,24095.0,24104.0,23750.0,23974.0,229.15030876
2023-08-22T00:00:00.000+0000,23991.0,24021.0,23405.0,24011.0,261.27043609
2023-08-23T00:00:00.000+0000,24011.0,24688.0,23850.0,24322.0,308.87419247
2023-08-24T00:00:00.000+0000,24325.0,24462.0,23950.0,24223.0,188.77221003
2023-08-25T00:00:00.000+0000,24240.0,24269.0,23932.0,24148.0,169.71066717
2023-08-26T00:00:00.000+0000,24132.0,24170.0,24068.0,24111.0,78.66453636
2023-08-27T00:00:00.000+0000,24100.0,24267.0,24046.0,24171.0,77.71194287
2023-08-28T00:00:00.000+0000,24160.0,24270.0,23929.0,24091.0,146.13982236
2023-08-29T00:00:00.000+0000,24107.0,25914.0,23970.0,25497.0,692.76770656
2023-08-30T00:00:00.000+0000,25488.0,25533.0,24731.0,24957.0,272.13020152
2023-08-31T00:00:00.000+0000,24959.0,25349.0,23657.0,23928.0,428.78586634
2023-09-01T00:00:00.000+0000,23935.0,24111.0,23500.0,23954.0,267.71863327
2023-09-02T00:00:00.000+0000,23957.0,24096.0,23895.0,24003.0,130.12730067
2023-09-03T00:00:00.000+0000,24002.0,24237.0,23930.0,24083.0,132.01021173
2023-09-04T00:00:00.000+0000,24103.0,24186.0,23750.0,23925.0,145.88200624
2023-09-05T00:00:00.000+0000,23925.0,24147.0,23707.0,24035.0,148.1415767
2023-09-06T00:00:00.000+0000,24043.0,24250.0,23707.0,24011.0,160.95884453
2023-09-07T00:00:00.000+0000,24012.0,24699.0,23936.0,24529.0,217.58223912
2023-09-08T00:00:00.000+0000,24535.0,24656.0,23982.0,24225.0,191.63895695
2023-09-09T00:00:00.000+0000,24225.0,24250.0,24125.0,24202.0,58.78596316
2023-09-10T00:00:00.000+0000,24218.0,24271.0,23950.0,24102.0,92.03271592
2023-09-11T00:00:00.000+0000,24117.0,24380.0,23200.0,23429.0,377.95230388
2023-09-12T00:00:00.000+0000,23403.0,24738.0,23400.0,24027.0,379.66376569
2023-09-13T00:00:00.000+0000,24028.0,24583.0,23963.0,24444.0,200.20846333
2023-09-14T00:00:00.000+0000,24425.0,25231.0,24337.0,24930.0,380.6723066
2023-09-15T00:00:00.000+0000,24932.0,25191.0,24585.0,24950.0,228.96816867
2023-09-16T00:00:00.000+0000,24938.0,25100.0,24800.0,24911.0,86.02576956
2023-09-17T00:00:00.000+0000,24910.0,24950.0,24751.0,24866.0,84.51982021
2023-09-18T00:00:00.000+0000,24862.0,25712.0,24750.0,25028.0,403.03213102
2023-09-19T00:00:00.000+0000,25037.0,25745.0,24962.0,25466.0,284.13770583
2023-09-20T00:00:00.000+0000,25466.0,25630.0,25150.0,25473.0,215.01635194
2023-09-21T00:00:00.000+0000,25472.0,25535.0,24761.0,24933.0,215.0107886
2023-09-22T00:00:00.000+0000,24924.0,25128.0,24865.0,24968.0,148.11204042
2023-09-23T00:00:00.000+0000,24969.0,25040.0,24904.0,24991.0,58.07227199
2023-09-24T00:00:00.000+0000,24990.0,25134.0,24561.0,24664.0,87.1686747
2023-09-25T00:00:00.000+0000,24640.0,24950.0,24442.0,24809.0,239.69741566
2023-09-26T00:00:00.000+0000,24809.0,24915.0,24615.0,24803.0,108.70902911
2023-09-27T00:00:00.000+0000,24795.0,25449.0,24777.0,25084.0,222.38827182
2023-09-28T00:00:00.000+0000,25097.0,25799.0,25027.0,25555.0,473.90532421
2023-09-29T00:00:00.000+0000,25558.0,25678.0,25249.0,25439.0,224.99481851
2023-09-30T00:00:00.000+0000,25435.0,25640.0,25419.0,25517.0,97.56040197
2023-10-01T00:00:00.000+0000,25514.0,26512.0,25501.0,26472.0,241.07413151
2023-10-02T00:00:00.000+0000,26476.0,27150.0,26040.0,26251.0,724.44024854
2023-10-03T00:00:00.000+0000,26261.0,26441.0,25950.0,26189.0,254.17864858
2023-10-04T00:00:00.000+0000,26189.0,26499.0,26000.0,26462.0,178.95009897
2023-10-05T00:00:00.000+0000,26437.0,26706.0,26000.0,26014.0,252.24770596
2023-10-06T00:00:00.000+0000,26003.0,26654.0,25908.0,26408.0,256.42377465
2023-10-07T00:00:00.000+0000,26405.0,26497.0,26333.0,26435.0,90.95290066
2023-10-08T00:00:00.000+0000,26418.0,26568.0,26200.0,26444.0,108.92079499
2023-10-09T00:00:00.000+0000,26444.0,26521.0,25900.0,26069.0,290.5298221
2023-10-10T00:00:00.000+0000,26086.0,26243.0,25751.0,25819.0,184.21444483
2023-10-11T00:00:00.000+0000,25841.0,25915.0,25075.0,25300.0,337.09089209
2023-10-12T00:00:00.000+0000,25289.0,25413.0,25115.0,25401.0,194.49667989
2023-10-13T00:00:00.000+0000,25399.0,25807.0,25376.0,25576.0,206.35099125
2023-10-14T00:00:00.000+0000,25565.0,25677.0,25512.0,25559.0,108.81750558
2023-10-15T00:00:00.000+0000,25571.0,25937.0,25510.0,25809.0,129.86176344
2023-10-16T00:00:00.000+0000,25825.0,28348.0,25775.0,27003.0,1004.4718217
2023-10-17T00:00:00.000+0000,27019.0,27111.0,26642.0,26885.0,305.67623181
2023-10-18T00:00:00.000+0000,26851.0,27399.0,26736.0,26891.0,258.01542442
2023-10-19T00:00:00.000+0000,26877.0,27295.0,26717.0,27148.0,260.56785809
2023-10-20T00:00:00.000+0000,27148.0,28390.0,27051.0,28018.0,788.27171072
2023-10-21T00:00:00.000+0000,28017.0,28581.0,27805.0,28214.0,387.04302302
2023-10-22T00:00:00.000+0000,28215.0,28522.0,28000.0,28318.0,210.57376528
2023-10-23T00:00:00.000+0000,28312.0,32474.0,28219.0,31026.0,1370.42357179
2023-10-24T00:00:00.000+0000,30999.0,32997.0,30767.0,32026.0,1702.39830369
2023-10-25T00:00:00.000+0000,32036.0,33250.0,31839.0,32675.0,831.35276674
2023-10-26T00:00:00.000+0000,32673.0,33033.0,31897.0,32349.0,616.25824674
2023-10-27T00:00:00.000+0000,32332.0,32454.0,31600.0,32088.0,407.15218109
2023-10-28T00:00:00.000+0000,32081.0,32655.0,32056.0,32291.0,246.80663095
2023-10-29T00:00:00.000+0000,32290.0,32930.0,32150.0,32710.0,275.02826234
2023-10-30T00:00:00.000+0000,32718.0,32927.0,32185.0,32515.0,352.54869438
2023-10-31T00:00:00.000+0000,32520.0,32850.0,32105.0,32749.0,331.46843794
2023-11-01T00:00:00.000+0000,32768.0,33744.0,32357.0,33495.0,735.53679255
2023-11-02T00:00:00.000+0000,33490.0,33946.0,32356.0,32939.0,636.67513631
2023-11-03T00:00:00.000+0000,32924.0,32942.0,32036.0,32383.0,514.0285135
2023-11-04T00:00:00.000+0000,32381.0,32923.0,32269.0,32733.0,242.58832099
2023-11-05T00:00:00.000+0000,32719.0,33016.0,32215.0,32683.0,328.09386146
2023-11-06T00:00:00.000+0000,32682.0,32853.0,32375.0,32734.0,308.73055536
2023-11-07T00:00:00.000+0000,32718.0,33567.0,32352.0,33130.0,577.44065759
2023-11-08T00:00:00.000+0000,33130.0,33718.0,32859.0,33284.0,493.07003308
2023-11-09T00:00:00.000+0000,33254.0,35473.0,33205.0,34441.0,1538.42500564
2023-11-10T00:00:00.000+0000,34440.0,35136.0,34064.0,34942.0,696.55647805
2023-11-11T00:00:00.000+0000,34950.0,35043.0,34500.0,34841.0,352.35249608
2023-11-12T00:00:00.000+0000,34841.0,34898.0,34453.0,34731.0,256.09689288
2023-11-13T00:00:00.000+0000,34718.0,35028.0,33982.0,34102.0,556.69939062
2023-11-14T00:00:00.000+0000,34102.0,34385.0,32155.0,32718.0,760.14482638
2023-11-15T00:00:00.000+0000,32711.0,35000.0,32536.0,34920.0,835.0423492
2023-11-16T00:00:00.000+0000,34924.0,34971.0,32725.0,33330.0,824.03720085
2023-11-17T00:00:00.000+0000,33357.0,33826.0,33017.0,33600.0,418.50318138
2023-11-18T00:00:00.000+0000,33599.0,33826.0,33201.0,33592.0,143.99745638
2023-11-19T00:00:00.000+0000,33598.0,34400.0,33395.0,34286.0,206.35907208
2023-11-20T00:00:00.000+0000,34277.0,34555.0,33700.0,34238.0,381.19669565
2023-11-21T00:00:00.000+0000,34238.0,34384.0,32781.0,32781.0,775.72448568
2023-11-22T00:00:00.000+0000,32779.0,34759.0,32666.0,34358.0,599.59207453
2023-11-23T00:00:00.000+0000,34363.0,34512.0,33843.0,34233.0,282.71357164
2023-11-24T00:00:00.000+0000,34237.0,35135.0,34191.0,34514.0,526.44250395
2023-11-25T00:00:00.000+0000,34497.0,34687.0,34415.0,34577.0,149.56406745
2023-11-26T00:00:00.000+0000,34575.0,34611.0,34023.0,34264.0,216.6056293
2023-11-27T00:00:00.000+0000,34253.0,34389.0,33600.0,33982.0,377.71874455
2023-11-28T00:00:00.000+0000,34011.0,34930.0,33700.0,34403.0,410.56343444
2023-11-29T00:00:00.000+0000,34408.0,35000.0,34300.0,34527.0,361.3460221
2023-11-30T00:00:00.000+0000,34528.0,34770.0,34361.0,34650.0,201.89922648
2023-12-01T00:00:00.000+0000,34647.0,35860.0,34522.0,35561.0,622.29871882
2023-12-02T00:00:00.000+0000,35560.0,36498.0,35524.0,36275.0,375.34593377
2023-12-03T00:00:00.000+0000,36277.0,36998.0,36087.0,36717.0,372.32105488
2023-12-04T00:00:00.000+0000,36722.0,39150.0,36721.0,38736.0,1274.75290507
2023-12-05T00:00:00.000+0000,38754.0,41200.0,38271.0,40848.0,1198.59824071
2023-12-06T00:00:00.000+0000,40835.0,41051.0,40173.0,40666.0,766.36895616
2023-12-07T00:00:00.000+0000,40666.0,40950.0,38633.0,40114.0,866.75329765
2023-12-08T00:00:00.000+0000,40145.0,41619.0,40000.0,41095.0,677.1192888
2023-12-09T00:00:00.000+0000,41075.0,41251.0,40515.0,40626.0,437.69562352
2023-12-10T00:00:00.000+0000,40661.0,40950.0,40481.0,40706.0,339.46358678
2023-12-11T00:00:00.000+0000,40708.0,40712.0,37301.0,38320.0,1756.56427677
2023-12-12T00:00:00.000+0000,38312.0,39094.0,37672.0,38390.0,948.42008641
2023-12-13T00:00:00.000+0000,38425.0,40500.0,37664.0,39430.0,920.57403732
2023-12-14T00:00:00.000+0000,39439.0,39682.0,38255.0,39143.0,571.56525015
2023-12-15T00:00:00.000+0000,39151.0,39277.0,38222.0,38507.0,383.62229478
2023-12-16T00:00:00.000+0000,38517.0,39292.0,38255.0,38812.0,234.25556233
2023-12-17T00:00:00.000+0000,38814.0,38950.0,37903.0,37979.0,347.93842903
2023-12-18T00:00:00.000+0000,37983.0,39140.0,37143.0,39056.0,818.49988548
2023-12-19T00:00:00.000+0000,39054.0,39767.0,38090.0,38524.0,609.26861983
2023-12-20T00:00:00.000+0000,38528.0,40378.0,38501.0,39860.0,797.97908959
2023-12-21T00:00:00.000+0000,39874.0,40273.0,39500.0,39905.0,565.53975522
2023-12-22T00:00:00.000+0000,39911.0,40417.0,39453.0,39985.0,487.41388022
2023-12-23T00:00:00.000+0000,39985.0,40002.0,39400.0,39804.0,308.02984195
2023-12-24T00:00:00.000+0000,39803.0,40000.0,38943.0,39200.0,512.37695506
2023-12-25T00:00:00.000+0000,39196.0,40156.0,38912.0,39600.0,402.37296472
2023-12-26T00:00:00.000+0000,39601.0,39617.0,37800.0,38529.0,723.30063915
2023-12-27T00:00:00.000+0000,38529.0,39375.0,38200.0,39139.0,521.2184718
2023-12-28T00:00:00.000+0000,39145.0,39439.0,38155.0,38503.0,549.65637501
2023-12-29T00:00:00.000+0000,38502.0,39057.0,37656.0,38246.0,645.04047151
2023-12-30T00:00:00.000+0000,38246.0,38699.0,37701.0,38289.0,374.5756547
2023-12-31T00:00:00.000+0000,38289.0,38990.0,38140.0,38445.0,366.32154983
2024-01-01T00:00:00.000+0000,38434.0,40084.0,38375.0,40071.0,479.52021525
2024-01-02T00:00:00.000+0000,40061.0,41903.0,40039.0,41191.0,1369.1537028
2024-01-03T00:00:00.000+0000,41206.0,41750.0,37500.0,39511.0,1343.15950191
2024-01-04T00:00:00.000+0000,39565.0,40964.0,39019.0,40461.0,752.480155
2024-01-05T00:00:00.000+0000,40477.0,40800.0,39490.0,40455.0,586.46208801
2024-01-06T00:00:00.000+0000,40455.0,40650.0,39781.0,40397.0,290.29746286
2024-01-07T00:00:00.000+0000,40397.0,41000.0,39934.0,40254.0,484.75911891
2024-01-08T00:00:00.000+0000,40250.0,43126.0,39615.0,42906.0,1586.662532
2024-01-09T00:00:00.000+0000,42906.0,43845.0,40985.0,42223.0,1590.52648722
2024-01-10T00:00:00.000+0000,42231.0,43569.0,40525.0,42593.0,2130.05241024
2024-01-11T00:00:00.000+0000,42596.0,44750.0,41623.0,42239.0,2004.50688129
2024-01-12T00:00:00.000+0000,42245.0,42401.0,37700.0,39165.0,2003.68630476
2024-01-13T00:00:00.000+0000,39145.0,39800.0,38833.0,39194.0,610.44032071
2024-01-14T00:00:00.000+0000,39201.0,39400.0,38110.0,38124.0,517.18567263
2024-01-15T00:00:00.000+0000,38124.0,39780.0,38074.0,38850.0,574.12158131
2024-01-16T00:00:00.000+0000,38847.0,40434.0,38700.0,39665.0,645.98324258
2024-01-17T00:00:00.000+0000,39662.0,39733.0,38800.0,39269.0,499.90884085
2024-01-18T00:00:00.000+0000,39260.0,39380.0,37397.0,37996.0,932.01222349
2024-01-19T00:00:00.000+0000,38006.0,38728.0,37000.0,38228.0,911.08034773
2024-01-20T00:00:00.000+0000,38218.0,38425.0,38022.0,38252.0,227.83275235
2024-01-21T00:00:00.000+0000,38257.0,38467.0,38081.0,38146.0,179.24932815
2024-01-22T00:00:00.000+0000,38140.0,38224.0,36225.0,36308.0,1113.27507663
2024-01-23T00:00:00.000+0000,36308.0,37500.0,35433.0,36754.0,1199.69944524
2024-01-24T00:00:00.000+0000,36740.0,37500.0,36309.0,36840.0,706.36094899
2024-01-25T00:00:00.000+0000,36841.0,37005.0,36500.0,36850.0,344.11321879
2024-01-26T00:00:00.000+0000,36847.0,39000.0,36740.0,38547.0,979.85896601
2024-01-27T00:00:00.000+0000,38551.0,38944.0,38159.0,38858.0,236.07544007
2024-01-28T00:00:00.000+0000,38863.0,39446.0,38383.0,38748.0,446.18564692
2024-01-29T00:00:00.000+0000,38758.0,40110.0,38615.0,39976.0,553.88827141
2024-01-30T00:00:00.000+0000,39977.0,40500.0,39378.0,39622.0,604.92731622
2024-01-31T00:00:00.000+0000,39617.0,40333.0,39077.0,39424.0,627.97977564
2024-02-01T00:00:00.000+0000,39417.0,39823.0,38780.0,39617.0,460.39925451
2024-02-02T00:00:00.000+0000,39631.0,40229.0,39332.0,39974.0,362.88791111
2024-02-03T00:00:00.000+0000,39982.0,40141.0,39800.0,39867.0,162.07084607
2024-02-04T00:00:00.000+0000,39867.0,39963.0,39230.0,39520.0,172.76179902
2024-02-05T00:00:00.000+0000,39522.0,40483.0,39230.0,39762.0,421.44817199
2024-02-06T00:00:00.000+0000,39763.0,40289.0,39616.0,40010.0,351.79022166
2024-02-07T00:00:00.000+0000,40017.0,41150.0,39740.0,41089.0,650.57532795
2024-02-08T00:00:00.000+0000,41086.0,42249.0,41078.0,41990.0,925.64733921
2024-02-09T00:00:00.000+0000,41990.0,44500.0,41948.0,43382.0,1854.19610448
2024-02-10T00:00:00.000+0000,43383.0,44464.0,42850.0,44057.0,624.01181939
2024-02-11T00:00:00.000+0000,44057.0,44697.0,43900.0,44561.0,503.82877232
2024-02-12T00:00:00.000+0000,44590.0,46598.0,44169.0,46245.0,1420.39343569
2024-02-13T00:00:00.000+0000,46263.0,46745.0,44800.0,46418.0,1281.63860942
2024-02-14T00:00:00.000+0000,46428.0,48551.0,46000.0,48302.0,1331.19285715
2024-02-15T00:00:00.000+0000,48305.0,49035.0,47627.0,48184.0,1162.76864871
2024-02-16T00:00:00.000+0000,48180.0,48918.0,47918.0,48418.0,643.4604452
2024-02-17T00:00:00.000+0000,48419.0,48461.0,46901.0,47961.0,744.71185061
2024-02-18T00:00:00.000+0000,47963.0,48611.0,47528.0,48350.0,427.11326238
2024-02-19T00:00:00.000+0000,48372.0,48900.0,47983.0,48062.0,549.48526665
2024-02-20T00:00:00.000+0000,48064.0,48990.0,46960.0,48336.0,889.08591807
2024-02-21T00:00:00.000+0000,48344.0,48442.0,46900.0,47962.0,659.3547191
2024-02-22T00:00:00.000+0000,47949.0,48102.0,47043.0,47382.0,464.68489836
2024-02-23T00:00:00.000+0000,47382.0,47599.0,46662.0,46869.0,480.07363232
2024-02-24T00:00:00.000+0000,46858.0,47738.0,46756.0,47621.0,300.54013222
2024-02-25T00:00:00.000+0000,47606.0,47979.0,47395.0,47814.0,271.02638856
2024-02-26T00:00:00.000+0000,47815.0,50500.0,46952.0,50030.0,1450.17370628
2024-02-27T00:00:00.000+0000,50030.0,53056.0,50025.0,52580.0,1770.85405397
2024-02-28T00:00:00.000+0000,52593.0,59000.0,49069.0,57552.0,3766.64867416
2024-02-29T00:00:00.000+0000,57550.0,58748.0,55555.0,56545.0,2066.92052313
2024-03-01T00:00:00.000+0000,56545.0,58200.0,56144.0,57517.0,1046.39787706
2024-03-02T00:00:00.000+0000,57503.0,57580.0,56800.0,57178.0,551.44851722
2024-03-03T00:00:00.000+0000,57138.0,58400.0,56602.0,58199.0,573.87923108
2024-03-04T00:00:00.000+0000,58203.0,63000.0,57400.0,62858.0,2438.57603223
2024-03-05T00:00:00.000+0000,62870.0,63534.0,49220.0,58895.0,4580.94773829
2024-03-06T00:00:00.000+0000,58848.0,62500.0,57923.0,60637.0,1402.82837665
2024-03-07T00:00:00.000+0000,60637.0,62324.0,60200.0,61050.0,944.12722113
2024-03-08T00:00:00.000+0000,61049.0,63953.0,60384.0,62353.0,1633.60646189
2024-03-09T00:00:00.000+0000,62358.0,62767.0,62108.0,62483.0,575.4593417
2024-03-10T00:00:00.000+0000,62473.0,63895.0,62343.0,63064.0,818.08765304
2024-03-11T00:00:00.000+0000,63071.0,66500.0,61528.0,65794.0,1886.98473872
2024-03-12T00:00:00.000+0000,65793.0,66935.0,62900.0,65410.0,1917.82232431
2024-03-13T00:00:00.000+0000,65399.0,67451.0,65228.0,66783.0,1050.74834921
2024-03-14T00:00:00.000+0000,66780.0,67450.0,63000.0,65663.0,1784.78372578
2024-03-15T00:00:00.000+0000,65667.0,66575.0,60003.0,63859.0,2806.24231419
2024-03-16T00:00:00.000+0000,63894.0,64373.0,59335.0,59842.0,1449.86831695
2024-03-17T00:00:00.000+0000,59836.0,63700.0,59050.0,62913.0,1507.67482132
2024-03-18T00:00:00.000+0000,62901.0,63320.0,61136.0,62151.0,820.41987442
2024-03-19T00:00:00.000+0000,62134.0,62600.0,56564.0,56928.0,2513.9651917
2024-03-20T00:00:00.000+0000,56919.0,62499.0,55885.0,62092.0,2251.53927247
2024-03-21T00:00:00.000+0000,62092.0,62500.0,59456.0,60328.0,959.270102
2024-03-22T00:00:00.000+0000,60326.0,61577.0,57745.0,59158.0,1017.56486278
2024-03-23T00:00:00.000+0000,59149.0,61175.0,58403.0,59251.0,557.41491927
2024-03-24T00:00:00.000+0000,59243.0,62560.0,59090.0,62171.0,818.11477366
2024-03-25T00:00:00.000+0000,62179.0,65600.0,61356.0,64398.0,1614.77397913
2024-03-26T00:00:00.000+0000,64380.0,65985.0,63801.0,64590.0,951.77987239
2024-03-27T00:00:00.000+0000,64580.0,66298.0,63215.0,64244.0,982.81910038
2024-03-28T00:00:00.000+0000,64215.0,66209.0,63681.0,65568.0,756.17863104
2024-03-29T00:00:00.000+0000,65569.0,65748.0,64000.0,64766.0,514.10102482
2024-03-30T00:00:00.000+0000,64777.0,65157.0,64534.0,64599.0,258.25725445
2024-03-31T00:00:00.000+0000,64579.0,66145.0,64557.0,66064.0,410.44439116
2024-04-01T00:00:00.000+0000,66057.0,66057.0,63478.0,64924.0,835.75015401
2024-04-02T00:00:00.000+0000,64939.0,64955.0,60019.0,60890.0,1666.39341628
2024-04-03T00:00:00.000+0000,60903.0,62000.0,60041.0,60945.0,784.20749417
2024-04-04T00:00:00.000+0000,60923.0,64000.0,60081.0,63295.0,959.67963453
2024-04-05T00:00:00.000+0000,63298.0,63463.0,61071.0,62635.0,824.01982222
2024-04-06T00:00:00.000+0000,62638.0,64326.0,62295.0,63590.0,381.14452114
2024-04-07T00:00:00.000+0000,63599.0,64845.0,63502.0,64033.0,551.86862292
2024-04-08T00:00:00.000+0000,64024.0,67150.0,63765.0,65910.0,1668.75393815
2024-04-09T00:00:00.000+0000,65898.0,66040.0,62871.0,63706.0,1176.26140594
2024-04-10T00:00:00.000+0000,63665.0,66176.0,62610.0,65720.0,992.67737621
2024-04-11T00:00:00.000+0000,65725.0,66358.0,64875.0,65264.0,833.02210055
2024-04-12T00:00:00.000+0000,65258.0,66569.0,61598.0,63789.0,1710.60017246
2024-04-13T00:00:00.000+0000,63756.0,64815.0,57500.0,61192.0,1756.6239398
2024-04-14T00:00:00.000+0000,61163.0,63390.0,59024.0,61926.0,1222.77539217
2024-04-15T00:00:00.000+0000,61884.0,62878.0,58625.0,59799.0,1271.00995821
2024-04-16T00:00:00.000+0000,59814.0,60681.0,58001.0,60118.0,1268.19437891
2024-04-17T00:00:00.000+0000,60107.0,60836.0,56083.0,57475.0,1563.67742694
2024-04-18T00:00:00.000+0000,57466.0,60242.0,56854.0,59712.0,1221.33317438
2024-04-19T00:00:00.000+0000,59731.0,61500.0,56226.0,59993.0,1590.81621894
2024-04-20T00:00:00.000+0000,60025.0,61578.0,59308.0,61074.0,670.66778401
2024-04-21T00:00:00.000+0000,61068.0,61714.0,60392.0,60981.0,458.13149691
2024-04-22T00:00:00.000+0000,60980.0,63147.0,60524.0,62779.0,668.38548501
2024-04-23T00:00:00.000+0000,62775.0,63096.0,61678.0,62065.0,583.45496377
2024-04-24T00:00:00.000+0000,62048.0,62662.0,59455.0,60124.0,869.66933883
2024-04-25T00:00:00.000+0000,60102.0,60887.0,58787.0,60159.0,712.91036099
2024-04-26T00:00:00.000+0000,60179.0,60595.0,59276.0,59662.0,476.46272305
2024-04-27T00:00:00.000+0000,59663.0,59810.0,58350.0,59385.0,507.20061191
2024-04-28T00:00:00.000+0000,59387.0,60158.0,58671.0,58970.0,299.66900533
2024-04-29T00:00:00.000+0000,58957.0,59889.0,57769.0,59560.0,702.99748035
2024-04-30T00:00:00.000+0000,59560.0,60351.0,55320.0,56858.0,1381.20624482
2024-05-01T00:00:00.000+0000,56845.0,56983.0,52850.0,54414.0,2253.54602857
2024-05-02T00:00:00.000+0000,54383.0,55610.0,53150.0,55066.0,984.73886361
2024-05-03T00:00:00.000+0000,55062.0,58911.0,54826.0,58503.0,1183.89845488
2024-05-04T00:00:00.000+0000,58496.0,60000.0,58141.0,59386.0,606.36712217
2024-05-05T00:00:00.000+0000,59396.0,60000.0,58440.0,59502.0,400.0434549
2024-05-06T00:00:00.000+0000,59508.0,60827.0,58220.0,58662.0,849.50391244
2024-05-07T00:00:00.000+0000,58665.0,59850.0,57936.0,57980.0,561.63810072
2024-05-08T00:00:00.000+0000,57959.0,58666.0,56642.0,56959.0,580.84078057
2024-05-09T00:00:00.000+0000,56942.0,58841.0,56456.0,58513.0,582.15499792
2024-05-10T00:00:00.000+0000,58515.0,58891.0,55911.0,56525.0,731.3306214
2024-05-11T00:00:00.000+0000,56564.0,57219.0,56209.0,56516.0,235.34219588
2024-05-12T00:00:00.000+0000,56513.0,57448.0,56320.0,57091.0,175.83953064
2024-05-13T00:00:00.000+0000,57105.0,58750.0,56430.0,58296.0,563.08644137
2024-05-14T00:00:00.000+0000,58291.0,58470.0,56505.0,56933.0,481.95042461
2024-05-15T00:00:00.000+0000,56919.0,60884.0,56737.0,60558.0,936.77182128
2024-05-16T00:00:00.000+0000,60573.0,61184.0,58900.0,59856.0,626.84732748
2024-05-17T00:00:00.000+0000,59873.0,62018.0,59790.0,61614.0,572.15763948
2024-05-18T00:00:00.000+0000,61618.0,61967.0,61228.0,61525.0,234.11438994
2024-05-19T00:00:00.000+0000,61537.0,62194.0,60529.0,60887.0,312.17376157
2024-05-20T00:00:00.000+0000,60882.0,64424.0,60700.0,64186.0,904.2989134
2024-05-21T00:00:00.000+0000,64248.0,65423.0,63000.0,64262.0,994.99540299
2024-05-22T00:00:00.000+0000,64276.0,65096.0,63477.0,63828.0,504.49444798
2024-05-23T00:00:00.000+0000,63863.0,64550.0,61477.0,62927.0,745.0955131
2024-05-24T00:00:00.000+0000,62916.0,63899.0,61560.0,63267.0,421.18841373
2024-05-25T00:00:00.000+0000,63267.0,64231.0,63212.0,63925.0,162.82903747
2024-05-26T00:00:00.000+0000,63945.0,64123.0,62926.0,63175.0,153.48276217
2024-05-27T00:00:00.000+0000,63172.0,64979.0,62772.0,63868.0,475.95170201
2024-05-28T00:00:00.000+0000,63852.0,63957.0,61935.0,62957.0,448.6498892
2024-05-29T00:00:00.000+0000,62958.0,63454.0,62077.0,62591.0,252.27212826
2024-05-30T00:00:00.000+0000,62563.0,64061.0,62066.0,63076.0,400.75857998
2024-05-31T00:00:00.000+0000,63071.0,63600.0,61500.0,62261.0,387.6090599
2024-06-01T00:00:00.000+0000,62303.0,62598.0,62183.0,62464.0,90.17380401
2024-06-02T00:00:00.000+0000,62464.0,63069.0,62047.0,62464.0,173.84705235
2024-06-03T00:00:00.000+0000,62465.0,64689.0,62315.0,63088.0,569.95079513
2024-06-04T00:00:00.000+0000,63066.0,65192.0,62918.0,64675.0,656.33221594
2024-06-05T00:00:00.000+0000,64682.0,66000.0,64540.0,65315.0,559.09602685
2024-06-06T00:00:00.000+0000,65312.0,65800.0,64346.0,64984.0,349.53798953
2024-06-07T00:00:00.000+0000,64982.0,66073.0,63410.0,64334.0,705.53080431
2024-06-08T00:00:00.000+0000,64325.0,64563.0,64156.0,64324.0,124.11983836
2024-06-09T00:00:00.000+0000,64326.0,64888.0,64158.0,64712.0,134.60819525
2024-06-10T00:00:00.000+0000,64700.0,65291.0,64370.0,64561.0,261.42565916
2024-06-11T00:00:00.000+0000,64537.0,64599.0,61611.0,62769.0,781.08724551
2024-06-12T00:00:00.000+0000,62748.0,64800.0,62207.0,63142.0,602.19286846
2024-06-13T00:00:00.000+0000,63182.0,63286.0,61640.0,62220.0,372.24412746
2024-06-14T00:00:00.000+0000,62222.0,63092.0,60807.0,61773.0,482.67575083
2024-06-15T00:00:00.000+0000,61765.0,62124.0,61500.0,61847.0,138.69898533
2024-06-16T00:00:00.000+0000,61842.0,62545.0,61719.0,62304.0,106.04213032
2024-06-17T00:00:00.000+0000,62285.0,62684.0,60728.0,61958.0,397.61936637
2024-06-18T00:00:00.000+0000,61935.0,61960.0,59645.0,60670.0,578.86845651
2024-06-19T00:00:00.000+0000,60685.0,61210.0,60202.0,60485.0,213.17035629
2024-06-20T00:00:00.000+0000,60462.0,61944.0,60251.0,60576.0,324.49530175
2024-06-21T00:00:00.000+0000,60601.0,60752.0,59300.0,59983.0,353.95305656
2024-06-22T00:00:00.000+0000,59996.0,60339.0,59831.0,59990.0,95.60828664
2024-06-23T00:00:00.000+0000,60000.0,60248.0,59110.0,59122.0,122.2528403
2024-06-24T00:00:00.000+0000,59121.0,59250.0,54350.0,56158.0,1257.90585545
2024-06-25T00:00:00.000+0000,56163.0,58280.0,56120.0,57783.0,545.71333523
2024-06-26T00:00:00.000+0000,57766.0,58331.0,56845.0,56931.0,282.8299843
2024-06-27T00:00:00.000+0000,56952.0,58174.0,56618.0,57557.0,303.76702123
2024-06-28T00:00:00.000+0000,57538.0,58136.0,56001.0,56347.0,342.09149202
2024-06-29T00:00:00.000+0000,56376.0,57116.0,56340.0,56882.0,155.00837182
2024-06-30T00:00:00.000+0000,56900.0,58644.0,56640.0,58405.0,201.26253052
2024-07-01T00:00:00.000+0000,58418.0,59474.0,58093.0,58548.0,292.66875376
2024-07-02T00:00:00.000+0000,58553.0,58913.0,57520.0,57745.0,234.87725737
2024-07-03T00:00:00.000+0000,57746.0,57885.0,55061.0,55794.0,527.59174993
2024-07-04T00:00:00.000+0000,55812.0,56012.0,52529.0,52808.0,1329.37561329
2024-07-05T00:00:00.000+0000,52812.0,54359.0,49576.0,52305.0,1845.59184098
2024-07-06T00:00:00.000+0000,52295.0,53948.0,51751.0,53746.0,491.53050431
2024-07-07T00:00:00.000+0000,53720.0,53877.0,51473.0,51604.0,457.41894984
2024-07-08T00:00:00.000+0000,51592.0,53726.0,50178.0,52348.0,752.75470642
2024-07-09T00:00:00.000+0000,52317.0,53922.0,51924.0,53644.0,459.98359175
2024-07-10T00:00:00.000+0000,53663.0,54966.0,52815.0,53307.0,485.43845992
2024-07-11T00:00:00.000+0000,53303.0,54700.0,52633.0,52751.0,457.99059483
2024-07-12T00:00:00.000+0000,52755.0,53667.0,52062.0,53069.0,353.51852254
2024-07-13T00:00:00.000+0000,53081.0,54849.0,52964.0,54255.0,304.06281466
2024-07-14T00:00:00.000+0000,54280.0,56395.0,54272.0,55865.0,406.83279551
2024-07-15T00:00:00.000+0000,55865.0,59546.0,55726.0,59397.0,691.86263473
2024-07-16T00:00:00.000+0000,59394.0,60000.0,57171.0,59664.0,774.69474292
2024-07-17T00:00:00.000+0000,59694.0,60625.0,58436.0,58587.0,552.25637599
2024-07-18T00:00:00.000+0000,58597.0,59630.0,58038.0,58712.0,336.31657356
2024-07-19T00:00:00.000+0000,58721.0,61927.0,58192.0,61202.0,569.37549372
2024-07-20T00:00:00.000+0000,61205.0,62078.0,60846.0,61588.0,258.04447304
2024-07-21T00:00:00.000+0000,61588.0,62651.0,60313.0,62429.0,425.62961176
2024-07-22T00:00:00.000+0000,62465.0,62720.0,61165.0,62008.0,405.56375391
2024-07-23T00:00:00.000+0000,62004.0,62205.0,60333.0,60773.0,462.27391125
2024-07-24T00:00:00.000+0000,60769.0,61800.0,60100.0,60345.0,334.4476882
2024-07-25T00:00:00.000+0000,60342.0,61065.0,58539.0,60677.0,546.82510922
2024-07-26T00:00:00.000+0000,60682.0,62800.0,60600.0,62522.0,501.79538604
2024-07-27T00:00:00.000+0000,62527.0,63845.0,61350.0,62431.0,562.70630975
2024-07-28T00:00:00.000+0000,62390.0,62870.0,61655.0,62837.0,227.26581223
2024-07-29T00:00:00.000+0000,62838.0,64636.0,61333.0,61726.0,962.60713245
2024-07-30T00:00:00.000+0000,61685.0,61893.0,60425.0,61183.0,436.10096345
2024-07-31T00:00:00.000+0000,61188.0,61800.0,59615.0,59727.0,519.25361733
2024-08-01T00:00:00.000+0000,59719.0,60844.0,57725.0,60567.0,795.55283391
2024-08-02T00:00:00.000+0000,60612.0,60800.0,56092.0,56362.0,756.44213877
2024-08-03T00:00:00.000+0000,56360.0,57138.0,55000.0,55743.0,589.75045041
2024-08-04T00:00:00.000+0000,55733.0,56152.0,52501.0,53321.0,985.14932987
2024-08-05T00:00:00.000+0000,53327.0,53450.0,44821.0,49468.0,3767.41580486
2024-08-06T00:00:00.000+0000,49523.0,52317.0,49489.0,51397.0,1219.73013245
2024-08-07T00:00:00.000+0000,51375.0,52973.0,50000.0,50483.0,876.57446777
2024-08-08T00:00:00.000+0000,50483.0,57468.0,50131.0,56514.0,859.73952783
2024-08-09T00:00:00.000+0000,56523.0,56560.0,54535.0,55792.0,530.39084856
2024-08-10T00:00:00.000+0000,55787.0,56352.0,55240.0,55859.0,182.32177775
2024-08-11T00:00:00.000+0000,55870.0,56691.0,53420.0,53809.0,398.30036076
2024-08-12T00:00:00.000+0000,53816.0,55549.0,52775.0,54294.0,583.88160937
2024-08-13T00:00:00.000+0000,54289.0,56133.0,53500.0,55112.0,598.13925581
2024-08-14T00:00:00.000+0000,55116.0,56081.0,53121.0,53355.0,669.1573681
2024-08-15T00:00:00.000+0000,53366.0,54500.0,51153.0,52503.0,717.86588732
2024-08-16T00:00:00.000+0000,52511.0,54338.0,52069.0,53461.0,583.42723581
2024-08-17T00:00:00.000+0000,53466.0,54200.0,53384.0,53996.0,130.38603466
2024-08-18T00:00:00.000+0000,54000.0,54681.0,52900.0,53028.0,277.13684878
2024-08-19T00:00:00.000+0000,53032.0,53800.0,52400.0,53655.0,497.78063938
2024-08-20T00:00:00.000+0000,53659.0,55443.0,52716.0,53053.0,762.83178926
2024-08-21T00:00:00.000+0000,53052.0,55443.0,52865.0,54799.0,675.18443689
2024-08-22T00:00:00.000+0000,54821.0,55154.0,53620.0,54319.0,443.53425353
2024-08-23T00:00:00.000+0000,54339.0,57967.0,54308.0,57149.0,896.11484161
2024-08-24T00:00:00.000+0000,57191.0,57561.0,56666.0,57237.0,304.3835101
2024-08-25T00:00:00.000+0000,57242.0,58105.0,56825.0,57382.0,217.08991868
2024-08-26T00:00:00.000+0000,57387.0,57589.0,56255.0,56301.0,392.74847102
2024-08-27T00:00:00.000+0000,56300.0,56614.0,52000.0,53239.0,731.37868278
2024-08-28T00:00:00.000+0000,53212.0,54184.0,52095.0,53105.0,640.01328136
2024-08-29T00:00:00.000+0000,53089.0,55240.0,52954.0,53624.0,467.66755992
2024-08-30T00:00:00.000+0000,53606.0,54071.0,52278.0,53541.0,547.71040337
2024-08-31T00:00:00.000+0000,53555.0,53859.0,53190.0,53389.0,84.84065671
2024-09-01T00:00:00.000+0000,53388.0,53471.0,51830.0,51917.0,310.50666478
2024-09-02T00:00:00.000+0000,51931.0,53700.0,51730.0,53438.0,385.39506735
2024-09-03T00:00:00.000+0000,53441.0,54049.0,51950.0,52051.0,330.9709759
2024-09-04T00:00:00.000+0000,52051.0,52833.0,50383.0,52326.0,707.67113646
2024-09-05T00:00:00.000+0000,52337.0,52647.0,50090.0,50567.0,514.74675325
2024-09-06T00:00:00.000+0000,50572.0,51381.0,47467.0,48805.0,1090.75373174
2024-09-07T00:00:00.000+0000,48802.0,49640.0,48590.0,48939.0,314.02274353
2024-09-08T00:00:00.000+0000,48936.0,49950.0,48454.0,49546.0,243.36209307
2024-09-09T00:00:00.000+0000,49550.0,52700.0,49358.0,51714.0,606.62573927
2024-09-10T00:00:00.000+0000,51715.0,52652.0,51119.0,52323.0,454.06582543
2024-09-11T00:00:00.000+0000,52331.0,52638.0,50491.0,52088.0,761.69600365
2024-09-12T00:00:00.000+0000,52109.0,53101.0,51946.0,52475.0,644.87588745
2024-09-13T00:00:00.000+0000,52481.0,54762.0,52000.0,54635.0,654.29161904
2024-09-14T00:00:00.000+0000,54647.0,54727.0,53660.0,54140.0,300.54514209
2024-09-15T00:00:00.000+0000,54142.0,54471.0,52978.0,53365.0,286.97757534
2024-09-16T00:00:00.000+0000,53351.0,53416.0,51683.0,52338.0,631.27598949
2024-09-17T00:00:00.000+0000,52325.0,55200.0,51839.0,54216.0,813.09775672
2024-09-18T00:00:00.000+0000,54236.0,55600.0,53250.0,55566.0,634.37039625
2024-09-19T00:00:00.000+0000,55581.0,57213.0,55401.0,56326.0,796.08793406
2024-09-20T00:00:00.000+0000,56344.0,57296.0,55840.0,56604.0,513.69775123
2024-09-21T00:00:00.000+0000,56590.0,56887.0,56209.0,56707.0,122.07392703
2024-09-22T00:00:00.000+0000,56730.0,57303.0,55888.0,56943.0,280.83573397
2024-09-23T00:00:00.000+0000,56985.0,57944.0,56066.0,56997.0,521.16552975
2024-09-24T00:00:00.000+0000,57029.0,57799.0,56238.0,57398.0,748.34745251
2024-09-25T00:00:00.000+0000,57410.0,57885.0,56500.0,56733.0,476.86085409
2024-09-26T00:00:00.000+0000,56736.0,58920.0,56283.0,58312.0,1355.33268908
2024-09-27T00:00:00.000+0000,58306.0,59500.0,58033.0,58929.0,1065.87492662
2024-09-28T00:00:00.000+0000,58928.0,59357.0,58601.0,58977.0,293.48017878
2024-09-29T00:00:00.000+0000,58971.0,59121.0,58611.0,58745.0,306.37792116
2024-09-30T00:00:00.000+0000,58736.0,58739.0,56427.0,56847.0,999.49513687
2024-10-01T00:00:00.000+0000,56844.0,57704.0,54325.0,54954.0,1197.38365728
2024-10-02T00:00:00.000+0000,54933.0,56462.0,54280.0,54898.0,1051.37189441
2024-10-03T00:00:00.000+0000,54892.0,55712.0,54239.0,55072.0,458.87080417
2024-10-04T00:00:00.000+0000,55068.0,56964.0,54802.0,56571.0,551.39956705
2024-10-05T00:00:00.000+0000,56580.0,56838.0,56180.0,56533.0,201.73302113
2024-10-06T00:00:00.000+0000,56528.0,57351.0,56308.0,57249.0,316.35006949
2024-10-07T00:00:00.000+0000,57258.0,58710.0,56568.0,56683.0,801.57498601
2024-10-08T00:00:00.000+0000,56686.0,57562.0,56363.0,56608.0,489.07573331
2024-10-09T00:00:00.000+0000,56611.0,57000.0,55084.0,55389.0,386.56224995
2024-10-10T00:00:00.000+0000,55381.0,56037.0,53917.0,55144.0,529.76128876
2024-10-11T00:00:00.000+0000,55139.0,57964.0,54926.0,57123.0,577.19801382
2024-10-12T00:00:00.000+0000,57138.0,57980.0,57097.0,57650.0,160.083078
2024-10-13T00:00:00.000+0000,57646.0,57737.0,56584.0,57507.0,189.29587629
2024-10-14T00:00:00.000+0000,57496.0,60700.0,57127.0,60292.0,1177.19158305
2024-10-15T00:00:00.000+0000,60309.0,62092.0,59298.0,61524.0,766.3854204
2024-10-16T00:00:00.000+0000,61529.0,62721.0,61238.0,62156.0,630.37394553
2024-10-17T00:00:00.000+0000,62191.0,62446.0,61361.0,62204.0,426.74288889
2024-10-18T00:00:00.000+0000,62162.0,63462.0,61960.0,62935.0,492.27976553
2024-10-19T00:00:00.000+0000,62913.0,63143.0,62529.0,62814.0,108.86895331
2024-10-20T00:00:00.000+0000,62807.0,63683.0,62575.0,63329.0,199.88106441
2024-10-21T00:00:00.000+0000,63328.0,63795.0,61644.0,62209.0,540.53052087
2024-10-22T00:00:00.000+0000,62226.0,62753.0,61491.0,62388.0,449.04595569
2024-10-23T00:00:00.000+0000,62427.0,62427.0,60464.0,61816.0,754.77902549
2024-10-24T00:00:00.000+0000,61788.0,63536.0,61649.0,62954.0,672.60083022
2024-10-25T00:00:00.000+0000,62963.0,63425.0,60750.0,61741.0,574.55178561
2024-10-26T00:00:00.000+0000,61724.0,62447.0,61564.0,62133.0,169.10168723
2024-10-27T00:00:00.000+0000,62143.0,63208.0,62001.0,62924.0,215.16016928
2024-10-28T00:00:00.000+0000,62951.0,64876.0,62631.0,64591.0,782.94516495
2024-10-29T00:00:00.000+0000,64580.0,67974.0,64386.0,67066.0,1472.02125246
2024-10-30T00:00:00.000+0000,67079.0,67200.0,65891.0,66608.0,618.88333322
2024-10-31T00:00:00.000+0000,66609.0,66859.0,63957.0,64528.0,815.77209529
2024-11-01T00:00:00.000+0000,64519.0,65958.0,63250.0,64188.0,565.75850299
2024-11-02T00:00:00.000+0000,64173.0,64580.0,63800.0,64174.0,151.28923255
2024-11-03T00:00:00.000+0000,64178.0,64178.0,62391.0,63327.0,514.52320465
2024-11-04T00:00:00.000+0000,63334.0,63823.0,61433.0,62382.0,710.78082662
2024-11-05T00:00:00.000+0000,62384.0,64658.0,62060.0,63522.0,672.72986666
2024-11-06T00:00:00.000+0000,63521.0,71055.0,63457.0,70292.0,3461.38643558
2024-11-07T00:00:00.000+0000,70287.0,71200.0,68910.0,70255.0,1117.58812722
2024-11-08T00:00:00.000+0000,70276.0,72100.0,70073.0,71418.0,937.19282779
2024-11-09T00:00:00.000+0000,71407.0,71743.0,70623.0,71517.0,377.66727252
2024-11-10T00:00:00.000+0000,71517.0,75450.0,71356.0,74620.0,1708.69660981
2024-11-11T00:00:00.000+0000,74682.0,83086.0,74507.0,82275.0,3125.77162278
2024-11-12T00:00:00.000+0000,82321.0,84387.0,74163.0,82465.0,3164.64643111
2024-11-13T00:00:00.000+0000,82472.0,88000.0,80818.0,85333.0,2595.24086653
2024-11-14T00:00:00.000+0000,85351.0,87072.0,82328.0,82909.0,1729.39846715
2024-11-15T00:00:00.000+0000,82925.0,87042.0,82641.0,86169.0,1272.07163094
2024-11-16T00:00:00.000+0000,86152.0,86791.0,85096.0,85594.0,643.37666613
2024-11-17T00:00:00.000+0000,85639.0,86343.0,83953.0,85050.0,549.13204978
2024-11-18T00:00:00.000+0000,85065.0,87586.0,84589.0,85406.0,1301.33546272
2024-11-19T00:00:00.000+0000,85405.0,88710.0,85332.0,87117.0,1290.12787364
2024-11-20T00:00:00.000+0000,87152.0,90000.0,86464.0,89269.0,1444.14224235
2024-11-21T00:00:00.000+0000,89264.0,94000.0,89128.0,93550.0,2338.25933988
2024-11-22T00:00:00.000+0000,93577.0,95400.0,93081.0,94740.0,1524.55017268
2024-11-23T00:00:00.000+0000,94742.0,94742.0,92550.0,93204.0,758.96391853
2024-11-24T00:00:00.000+0000,93203.0,94092.0,91143.0,93388.0,809.40493174
2024-11-25T00:00:00.000+0000,93413.0,94447.0,88009.0,88956.0,1368.83313505
2024-11-26T00:00:00.000+0000,88949.0,90776.0,86568.0,87638.0,1498.59901181
2024-11-27T00:00:00.000+0000,87630.0,92216.0,87462.0,90847.0,848.12570337
2024-11-28T00:00:00.000+0000,90829.0,91583.0,89733.0,90580.0,670.22802504
2024-11-29T00:00:00.000+0000,90581.0,93498.0,90269.0,92135.0,883.08941268
2024-11-30T00:00:00.000+0000,92122.0,92134.0,90695.0,91134.0,299.78455191
2024-12-01T00:00:00.000+0000,91137.0,92600.0,90480.0,92138.0,475.85866075
2024-12-02T00:00:00.000+0000,92092.0,93109.0,90020.0,91246.0,924.07603457
2024-12-03T00:00:00.000+0000,91252.0,91730.0,88900.0,91264.0,1221.46380692
2024-12-04T00:00:00.000+0000,91248.0,94250.0,89916.0,93779.0,1541.99859898
2024-12-05T00:00:00.000+0000,93748.0,98157.0,90000.0,91723.0,2620.80739951
2024-12-06T00:00:00.000+0000,91722.0,96589.0,90994.0,94424.0,1127.42633957
2024-12-07T00:00:00.000+0000,94427.0,95069.0,93656.0,94379.0,355.97684495
2024-12-08T00:00:00.000+0000,94375.0,95910.0,93383.0,95674.0,312.10425638
2024-12-09T00:00:00.000+0000,95691.0,95784.0,89600.0,92322.0,1238.87219463
2024-12-10T00:00:00.000+0000,92270.0,93424.0,89600.0,91840.0,1116.37669322
2024-12-11T00:00:00.000+0000,91840.0,97000.0,90928.0,96249.0,1064.43639826
2024-12-12T00:00:00.000+0000,96254.0,97696.0,94654.0,95435.0,652.0926207
2024-12-13T00:00:00.000+0000,95444.0,97060.0,94716.0,96559.0,468.42694642
2024-12-14T00:00:00.000+0000,96546.0,97651.0,95800.0,96532.0,300.59544902
2024-12-15T00:00:00.000+0000,96503.0,99800.0,96403.0,99186.0,648.26768431
2024-12-16T00:00:00.000+0000,99093.0,102480.0,97800.0,100740.0,1952.78992723
2024-12-17T00:00:00.000+0000,100780.0,103070.0,100360.0,101180.0,796.16393117
2024-12-18T00:00:00.000+0000,101160.0,101460.0,96739.0,96944.0,1244.90500718
2024-12-19T00:00:00.000+0000,96928.0,98800.0,92064.0,94030.0,1751.50906141
2024-12-20T00:00:00.000+0000,94029.0,94574.0,88445.0,93891.0,1956.99565772
2024-12-21T00:00:00.000+0000,93894.0,95899.0,92543.0,93470.0,541.7467071
2024-12-22T00:00:00.000+0000,93517.0,93681.0,90340.0,91196.0,667.73929286
2024-12-23T00:00:00.000+0000,91188.0,92843.0,88864.0,91147.0,916.71565551
2024-12-24T00:00:00.000+0000,91142.0,95708.0,89856.0,94849.0,935.07016237
2024-12-25T00:00:00.000+0000,94844.0,95711.0,93915.0,95580.0,549.02739069
2024-12-26T00:00:00.000+0000,95589.0,96093.0,91426.0,91875.0,500.20760153
2024-12-27T00:00:00.000+0000,91867.0,93629.0,89682.0,90408.0,638.06934834
2024-12-28T00:00:00.000+0000,90374.0,91634.0,90230.0,91217.0,391.81876575
2024-12-29T00:00:00.000+0000,91219.0,91276.0,89000.0,89727.0,575.76602863
2024-12-30T00:00:00.000+0000,89722.0,91240.0,87838.0,89015.0,1090.92444935
2024-12-31T00:00:00.000+0000,89018.0,92668.0,88264.0,90156.0,692.3975258
